2019-03-22 00:00:25,https://apple.news/ArT9P-wquTia9x5INBFPDbA,https://apple.news/A2GgA50mqQlWndDUz6LyjBw,https://apple.news/AmUlxoZ7bRYyFKPgIEs6QAQ
2019-03-22 00:05:12,https://apple.news/A_2KbaObiQk2Rrn_-X3uXug,https://apple.news/ArT9P-wquTia9x5INBFPDbA,https://apple.news/A2GgA50mqQlWndDUz6LyjBw,https://apple.news/AmUlxoZ7bRYyFKPgIEs6QAQ
2019-03-22 00:10:12,https://apple.news/A_2KbaObiQk2Rrn_-X3uXug,https://apple.news/ArT9P-wquTia9x5INBFPDbA,https://apple.news/A2GgA50mqQlWndDUz6LyjBw,https://apple.news/AmUlxoZ7bRYyFKPgIEs6QAQ
2019-03-22 00:15:12,https://apple.news/A_2KbaObiQk2Rrn_-X3uXug,https://apple.news/ArT9P-wquTia9x5INBFPDbA,https://apple.news/A2GgA50mqQlWndDUz6LyjBw,https://apple.news/AmUlxoZ7bRYyFKPgIEs6QAQ
2019-03-22 00:20:12,https://apple.news/A_2KbaObiQk2Rrn_-X3uXug,https://apple.news/ArT9P-wquTia9x5INBFPDbA,https://apple.news/A2GgA50mqQlWndDUz6LyjBw,https://apple.news/AmUlxoZ7bRYyFKPgIEs6QAQ
2019-03-22 00:25:12,https://apple.news/A_2KbaObiQk2Rrn_-X3uXug,https://apple.news/ArT9P-wquTia9x5INBFPDbA,https://apple.news/A2GgA50mqQlWndDUz6LyjBw,https://apple.news/AmUlxoZ7bRYyFKPgIEs6QAQ
2019-03-22 00:30:12,https://apple.news/ArT9P-wquTia9x5INBFPDbA,https://apple.news/A2GgA50mqQlWndDUz6LyjBw,https://apple.news/AmUlxoZ7bRYyFKPgIEs6QAQ
2019-03-22 00:35:12,https://apple.news/A_2KbaObiQk2Rrn_-X3uXug,https://apple.news/ArT9P-wquTia9x5INBFPDbA,https://apple.news/A2GgA50mqQlWndDUz6LyjBw,https://apple.news/AmUlxoZ7bRYyFKPgIEs6QAQ
2019-03-22 00:40:12,https://apple.news/A_2KbaObiQk2Rrn_-X3uXug,https://apple.news/ArT9P-wquTia9x5INBFPDbA,https://apple.news/A2GgA50mqQlWndDUz6LyjBw,https://apple.news/AmUlxoZ7bRYyFKPgIEs6QAQ
2019-03-22 00:45:11,https://apple.news/A_2KbaObiQk2Rrn_-X3uXug,https://apple.news/ArT9P-wquTia9x5INBFPDbA,https://apple.news/A2GgA50mqQlWndDUz6LyjBw,https://apple.news/AmUlxoZ7bRYyFKPgIEs6QAQ
2019-03-22 00:50:11,https://apple.news/A_2KbaObiQk2Rrn_-X3uXug,https://apple.news/ArT9P-wquTia9x5INBFPDbA,https://apple.news/A2GgA50mqQlWndDUz6LyjBw,https://apple.news/AmUlxoZ7bRYyFKPgIEs6QAQ
2019-03-22 00:55:12,https://apple.news/A_2KbaObiQk2Rrn_-X3uXug,https://apple.news/ArT9P-wquTia9x5INBFPDbA,https://apple.news/A2GgA50mqQlWndDUz6LyjBw,https://apple.news/AmUlxoZ7bRYyFKPgIEs6QAQ
2019-03-22 01:00:13,https://apple.news/A_2KbaObiQk2Rrn_-X3uXug,https://apple.news/ArT9P-wquTia9x5INBFPDbA,https://apple.news/A2GgA50mqQlWndDUz6LyjBw,https://apple.news/AmUlxoZ7bRYyFKPgIEs6QAQ
2019-03-22 01:05:12,https://apple.news/A_2KbaObiQk2Rrn_-X3uXug,https://apple.news/ArT9P-wquTia9x5INBFPDbA,https://apple.news/A2GgA50mqQlWndDUz6LyjBw,https://apple.news/AmUlxoZ7bRYyFKPgIEs6QAQ
2019-03-22 01:10:11,https://apple.news/A_2KbaObiQk2Rrn_-X3uXug,https://apple.news/ArT9P-wquTia9x5INBFPDbA,https://apple.news/A2GgA50mqQlWndDUz6LyjBw,https://apple.news/AmUlxoZ7bRYyFKPgIEs6QAQ
2019-03-22 01:15:13,https://apple.news/A_2KbaObiQk2Rrn_-X3uXug,https://apple.news/ArT9P-wquTia9x5INBFPDbA,https://apple.news/A2GgA50mqQlWndDUz6LyjBw,https://apple.news/AmUlxoZ7bRYyFKPgIEs6QAQ
2019-03-22 01:20:11,https://apple.news/A_2KbaObiQk2Rrn_-X3uXug,https://apple.news/ArT9P-wquTia9x5INBFPDbA,https://apple.news/A2GgA50mqQlWndDUz6LyjBw,https://apple.news/AmUlxoZ7bRYyFKPgIEs6QAQ
2019-03-22 01:25:13,https://apple.news/A_2KbaObiQk2Rrn_-X3uXug,https://apple.news/ArT9P-wquTia9x5INBFPDbA,https://apple.news/A2GgA50mqQlWndDUz6LyjBw,https://apple.news/AmUlxoZ7bRYyFKPgIEs6QAQ
2019-03-22 01:30:12,https://apple.news/A_2KbaObiQk2Rrn_-X3uXug,https://apple.news/ArT9P-wquTia9x5INBFPDbA,https://apple.news/A2GgA50mqQlWndDUz6LyjBw,https://apple.news/AmUlxoZ7bRYyFKPgIEs6QAQ
2019-03-22 01:35:12,https://apple.news/A_2KbaObiQk2Rrn_-X3uXug,https://apple.news/ArT9P-wquTia9x5INBFPDbA,https://apple.news/A2GgA50mqQlWndDUz6LyjBw,https://apple.news/AmUlxoZ7bRYyFKPgIEs6QAQ
2019-03-22 01:40:12,https://apple.news/A_2KbaObiQk2Rrn_-X3uXug,https://apple.news/ArT9P-wquTia9x5INBFPDbA,https://apple.news/A2GgA50mqQlWndDUz6LyjBw,https://apple.news/AmUlxoZ7bRYyFKPgIEs6QAQ
2019-03-22 01:45:11,https://apple.news/ArT9P-wquTia9x5INBFPDbA,https://apple.news/A2GgA50mqQlWndDUz6LyjBw,https://apple.news/AmUlxoZ7bRYyFKPgIEs6QAQ
2019-03-22 01:50:11,https://apple.news/ArT9P-wquTia9x5INBFPDbA,https://apple.news/A2GgA50mqQlWndDUz6LyjBw,https://apple.news/AmUlxoZ7bRYyFKPgIEs6QAQ
2019-03-22 01:55:11,https://apple.news/ArT9P-wquTia9x5INBFPDbA,https://apple.news/A2GgA50mqQlWndDUz6LyjBw,https://apple.news/AmUlxoZ7bRYyFKPgIEs6QAQ
2019-03-22 02:00:12,https://apple.news/A_2KbaObiQk2Rrn_-X3uXug,https://apple.news/ArT9P-wquTia9x5INBFPDbA,https://apple.news/A2GgA50mqQlWndDUz6LyjBw,https://apple.news/AmUlxoZ7bRYyFKPgIEs6QAQ
2019-03-22 02:05:12,https://apple.news/A_2KbaObiQk2Rrn_-X3uXug,https://apple.news/ArT9P-wquTia9x5INBFPDbA,https://apple.news/A2GgA50mqQlWndDUz6LyjBw,https://apple.news/AmUlxoZ7bRYyFKPgIEs6QAQ
2019-03-22 02:10:12,https://apple.news/A_2KbaObiQk2Rrn_-X3uXug,https://apple.news/ArT9P-wquTia9x5INBFPDbA,https://apple.news/A2GgA50mqQlWndDUz6LyjBw,https://apple.news/AmUlxoZ7bRYyFKPgIEs6QAQ
2019-03-22 02:15:11,https://apple.news/ArT9P-wquTia9x5INBFPDbA,https://apple.news/A2GgA50mqQlWndDUz6LyjBw,https://apple.news/AmUlxoZ7bRYyFKPgIEs6QAQ
2019-03-22 02:20:12,https://apple.news/A_2KbaObiQk2Rrn_-X3uXug,https://apple.news/ArT9P-wquTia9x5INBFPDbA,https://apple.news/A2GgA50mqQlWndDUz6LyjBw,https://apple.news/AmUlxoZ7bRYyFKPgIEs6QAQ
2019-03-22 02:25:12,https://apple.news/A_2KbaObiQk2Rrn_-X3uXug,https://apple.news/ArT9P-wquTia9x5INBFPDbA,https://apple.news/A2GgA50mqQlWndDUz6LyjBw,https://apple.news/AmUlxoZ7bRYyFKPgIEs6QAQ
2019-03-22 02:30:12,https://apple.news/A_2KbaObiQk2Rrn_-X3uXug,https://apple.news/ArT9P-wquTia9x5INBFPDbA,https://apple.news/A2GgA50mqQlWndDUz6LyjBw,https://apple.news/AmUlxoZ7bRYyFKPgIEs6QAQ
2019-03-22 02:35:11,https://apple.news/A_2KbaObiQk2Rrn_-X3uXug,https://apple.news/ArT9P-wquTia9x5INBFPDbA,https://apple.news/A2GgA50mqQlWndDUz6LyjBw,https://apple.news/AmUlxoZ7bRYyFKPgIEs6QAQ
2019-03-22 02:40:11,https://apple.news/Aa3-OYthEQ3y8C69kXaJpEw,https://apple.news/ACDdHZR3KQnCsWm1z2zgssA,https://apple.news/AMxu_b-LXRK-4BlehJyCW8A,https://apple.news/AmUlxoZ7bRYyFKPgIEs6QAQ
2019-03-22 02:45:11,https://apple.news/Aa3-OYthEQ3y8C69kXaJpEw,https://apple.news/ACDdHZR3KQnCsWm1z2zgssA,https://apple.news/AMxu_b-LXRK-4BlehJyCW8A,https://apple.news/AmUlxoZ7bRYyFKPgIEs6QAQ
2019-03-22 02:50:12,https://apple.news/Aa3-OYthEQ3y8C69kXaJpEw,https://apple.news/ACDdHZR3KQnCsWm1z2zgssA,https://apple.news/AMxu_b-LXRK-4BlehJyCW8A,https://apple.news/AmUlxoZ7bRYyFKPgIEs6QAQ
2019-03-22 02:55:13,https://apple.news/Aa3-OYthEQ3y8C69kXaJpEw,https://apple.news/ACDdHZR3KQnCsWm1z2zgssA,https://apple.news/AMxu_b-LXRK-4BlehJyCW8A,https://apple.news/AmUlxoZ7bRYyFKPgIEs6QAQ
2019-03-22 03:00:11,https://apple.news/Aa3-OYthEQ3y8C69kXaJpEw,https://apple.news/ACDdHZR3KQnCsWm1z2zgssA,https://apple.news/AMxu_b-LXRK-4BlehJyCW8A,https://apple.news/AmUlxoZ7bRYyFKPgIEs6QAQ
2019-03-22 03:05:13,https://apple.news/Aa3-OYthEQ3y8C69kXaJpEw,https://apple.news/ACDdHZR3KQnCsWm1z2zgssA,https://apple.news/AMxu_b-LXRK-4BlehJyCW8A,https://apple.news/AmUlxoZ7bRYyFKPgIEs6QAQ
2019-03-22 03:10:12,https://apple.news/Aa3-OYthEQ3y8C69kXaJpEw,https://apple.news/ACDdHZR3KQnCsWm1z2zgssA,https://apple.news/AMxu_b-LXRK-4BlehJyCW8A,https://apple.news/AmUlxoZ7bRYyFKPgIEs6QAQ
2019-03-22 03:15:11,https://apple.news/ACDdHZR3KQnCsWm1z2zgssA,https://apple.news/AMxu_b-LXRK-4BlehJyCW8A,https://apple.news/AmUlxoZ7bRYyFKPgIEs6QAQ
2019-03-22 03:20:12,https://apple.news/Aa3-OYthEQ3y8C69kXaJpEw,https://apple.news/ACDdHZR3KQnCsWm1z2zgssA,https://apple.news/AMxu_b-LXRK-4BlehJyCW8A,https://apple.news/AmUlxoZ7bRYyFKPgIEs6QAQ
2019-03-22 03:25:12,https://apple.news/ACDdHZR3KQnCsWm1z2zgssA,https://apple.news/AMxu_b-LXRK-4BlehJyCW8A,https://apple.news/AmUlxoZ7bRYyFKPgIEs6QAQ
2019-03-22 03:30:12,https://apple.news/Aa3-OYthEQ3y8C69kXaJpEw,https://apple.news/ACDdHZR3KQnCsWm1z2zgssA,https://apple.news/AMxu_b-LXRK-4BlehJyCW8A,https://apple.news/AmUlxoZ7bRYyFKPgIEs6QAQ
2019-03-22 03:35:12,https://apple.news/Aa3-OYthEQ3y8C69kXaJpEw,https://apple.news/ACDdHZR3KQnCsWm1z2zgssA,https://apple.news/AMxu_b-LXRK-4BlehJyCW8A,https://apple.news/AmUlxoZ7bRYyFKPgIEs6QAQ
2019-03-22 03:40:12,https://apple.news/Aa3-OYthEQ3y8C69kXaJpEw,https://apple.news/ACDdHZR3KQnCsWm1z2zgssA,https://apple.news/AMxu_b-LXRK-4BlehJyCW8A,https://apple.news/AmUlxoZ7bRYyFKPgIEs6QAQ
2019-03-22 03:45:12,https://apple.news/Aa3-OYthEQ3y8C69kXaJpEw,https://apple.news/ACDdHZR3KQnCsWm1z2zgssA,https://apple.news/AMxu_b-LXRK-4BlehJyCW8A,https://apple.news/AmUlxoZ7bRYyFKPgIEs6QAQ
2019-03-22 03:50:11,https://apple.news/Aa3-OYthEQ3y8C69kXaJpEw,https://apple.news/ACDdHZR3KQnCsWm1z2zgssA,https://apple.news/AMxu_b-LXRK-4BlehJyCW8A,https://apple.news/AmUlxoZ7bRYyFKPgIEs6QAQ
2019-03-22 03:55:11,https://apple.news/Aa3-OYthEQ3y8C69kXaJpEw,https://apple.news/ACDdHZR3KQnCsWm1z2zgssA,https://apple.news/AMxu_b-LXRK-4BlehJyCW8A,https://apple.news/AmUlxoZ7bRYyFKPgIEs6QAQ
2019-03-22 04:00:12,https://apple.news/Aa3-OYthEQ3y8C69kXaJpEw,https://apple.news/ACDdHZR3KQnCsWm1z2zgssA,https://apple.news/AMxu_b-LXRK-4BlehJyCW8A,https://apple.news/AmUlxoZ7bRYyFKPgIEs6QAQ
2019-03-22 04:05:12,https://apple.news/Aa3-OYthEQ3y8C69kXaJpEw,https://apple.news/ACDdHZR3KQnCsWm1z2zgssA,https://apple.news/AMxu_b-LXRK-4BlehJyCW8A,https://apple.news/AmUlxoZ7bRYyFKPgIEs6QAQ
2019-03-22 04:10:11,https://apple.news/Aa3-OYthEQ3y8C69kXaJpEw,https://apple.news/ACDdHZR3KQnCsWm1z2zgssA,https://apple.news/AMxu_b-LXRK-4BlehJyCW8A,https://apple.news/AmUlxoZ7bRYyFKPgIEs6QAQ
2019-03-22 04:15:12,https://apple.news/Aa3-OYthEQ3y8C69kXaJpEw,https://apple.news/ACDdHZR3KQnCsWm1z2zgssA,https://apple.news/AMxu_b-LXRK-4BlehJyCW8A,https://apple.news/AmUlxoZ7bRYyFKPgIEs6QAQ
2019-03-22 04:20:11,https://apple.news/Aa3-OYthEQ3y8C69kXaJpEw,https://apple.news/ACDdHZR3KQnCsWm1z2zgssA,https://apple.news/AMxu_b-LXRK-4BlehJyCW8A,https://apple.news/AmUlxoZ7bRYyFKPgIEs6QAQ
2019-03-22 04:25:11,https://apple.news/Aa3-OYthEQ3y8C69kXaJpEw,https://apple.news/ACDdHZR3KQnCsWm1z2zgssA,https://apple.news/AMxu_b-LXRK-4BlehJyCW8A,https://apple.news/AmUlxoZ7bRYyFKPgIEs6QAQ
2019-03-22 04:30:11,https://apple.news/Aa3-OYthEQ3y8C69kXaJpEw,https://apple.news/ACDdHZR3KQnCsWm1z2zgssA,https://apple.news/AMxu_b-LXRK-4BlehJyCW8A,https://apple.news/AmUlxoZ7bRYyFKPgIEs6QAQ
2019-03-22 04:35:11,https://apple.news/ACDdHZR3KQnCsWm1z2zgssA,https://apple.news/AMxu_b-LXRK-4BlehJyCW8A,https://apple.news/AmUlxoZ7bRYyFKPgIEs6QAQ
2019-03-22 04:40:11,https://apple.news/Aa3-OYthEQ3y8C69kXaJpEw,https://apple.news/ACDdHZR3KQnCsWm1z2zgssA,https://apple.news/AMxu_b-LXRK-4BlehJyCW8A,https://apple.news/AmUlxoZ7bRYyFKPgIEs6QAQ
2019-03-22 04:45:13,https://apple.news/Aa3-OYthEQ3y8C69kXaJpEw,https://apple.news/ACDdHZR3KQnCsWm1z2zgssA,https://apple.news/AMxu_b-LXRK-4BlehJyCW8A,https://apple.news/AmUlxoZ7bRYyFKPgIEs6QAQ
2019-03-22 04:50:13,https://apple.news/ACDdHZR3KQnCsWm1z2zgssA,https://apple.news/AMxu_b-LXRK-4BlehJyCW8A,https://apple.news/AmUlxoZ7bRYyFKPgIEs6QAQ
2019-03-22 04:55:11,https://apple.news/ACDdHZR3KQnCsWm1z2zgssA,https://apple.news/AMxu_b-LXRK-4BlehJyCW8A,https://apple.news/AmUlxoZ7bRYyFKPgIEs6QAQ
2019-03-22 05:00:13,https://apple.news/Aa3-OYthEQ3y8C69kXaJpEw,https://apple.news/ACDdHZR3KQnCsWm1z2zgssA,https://apple.news/AMxu_b-LXRK-4BlehJyCW8A,https://apple.news/AmUlxoZ7bRYyFKPgIEs6QAQ
2019-03-22 05:05:12,https://apple.news/Aa3-OYthEQ3y8C69kXaJpEw,https://apple.news/ACDdHZR3KQnCsWm1z2zgssA,https://apple.news/AMxu_b-LXRK-4BlehJyCW8A,https://apple.news/AmUlxoZ7bRYyFKPgIEs6QAQ
2019-03-22 05:10:12,https://apple.news/Aa3-OYthEQ3y8C69kXaJpEw,https://apple.news/ACDdHZR3KQnCsWm1z2zgssA,https://apple.news/AMxu_b-LXRK-4BlehJyCW8A,https://apple.news/AmUlxoZ7bRYyFKPgIEs6QAQ
2019-03-22 05:15:12,https://apple.news/Aa3-OYthEQ3y8C69kXaJpEw,https://apple.news/ACDdHZR3KQnCsWm1z2zgssA,https://apple.news/AMxu_b-LXRK-4BlehJyCW8A,https://apple.news/AmUlxoZ7bRYyFKPgIEs6QAQ
2019-03-22 05:20:11,https://apple.news/Aa3-OYthEQ3y8C69kXaJpEw,https://apple.news/ACDdHZR3KQnCsWm1z2zgssA,https://apple.news/AMxu_b-LXRK-4BlehJyCW8A,https://apple.news/AmUlxoZ7bRYyFKPgIEs6QAQ
2019-03-22 05:25:12,https://apple.news/Aa3-OYthEQ3y8C69kXaJpEw,https://apple.news/ACDdHZR3KQnCsWm1z2zgssA,https://apple.news/AMxu_b-LXRK-4BlehJyCW8A,https://apple.news/AmUlxoZ7bRYyFKPgIEs6QAQ
2019-03-22 05:30:12,https://apple.news/Aa3-OYthEQ3y8C69kXaJpEw,https://apple.news/ACDdHZR3KQnCsWm1z2zgssA,https://apple.news/AMxu_b-LXRK-4BlehJyCW8A,https://apple.news/AmUlxoZ7bRYyFKPgIEs6QAQ
2019-03-22 05:35:12,https://apple.news/Aa3-OYthEQ3y8C69kXaJpEw,https://apple.news/ACDdHZR3KQnCsWm1z2zgssA,https://apple.news/AMxu_b-LXRK-4BlehJyCW8A,https://apple.news/AmUlxoZ7bRYyFKPgIEs6QAQ
2019-03-22 05:40:12,https://apple.news/Aa3-OYthEQ3y8C69kXaJpEw,https://apple.news/ACDdHZR3KQnCsWm1z2zgssA,https://apple.news/AMxu_b-LXRK-4BlehJyCW8A,https://apple.news/AmUlxoZ7bRYyFKPgIEs6QAQ
2019-03-22 05:45:12,https://apple.news/Aa3-OYthEQ3y8C69kXaJpEw,https://apple.news/ACDdHZR3KQnCsWm1z2zgssA,https://apple.news/AMxu_b-LXRK-4BlehJyCW8A,https://apple.news/AmUlxoZ7bRYyFKPgIEs6QAQ
2019-03-22 05:50:12,https://apple.news/Aa3-OYthEQ3y8C69kXaJpEw,https://apple.news/ACDdHZR3KQnCsWm1z2zgssA,https://apple.news/AMxu_b-LXRK-4BlehJyCW8A,https://apple.news/AmUlxoZ7bRYyFKPgIEs6QAQ
2019-03-22 05:55:12,https://apple.news/Aa3-OYthEQ3y8C69kXaJpEw,https://apple.news/ACDdHZR3KQnCsWm1z2zgssA,https://apple.news/AYyk2TztTTHCtEVFFjaraBQ,https://apple.news/AMxu_b-LXRK-4BlehJyCW8A
2019-03-22 06:00:12,https://apple.news/Aa3-OYthEQ3y8C69kXaJpEw,https://apple.news/ACDdHZR3KQnCsWm1z2zgssA,https://apple.news/AYyk2TztTTHCtEVFFjaraBQ,https://apple.news/AMxu_b-LXRK-4BlehJyCW8A
2019-03-22 06:05:12,https://apple.news/Aa3-OYthEQ3y8C69kXaJpEw,https://apple.news/ACDdHZR3KQnCsWm1z2zgssA,https://apple.news/AYyk2TztTTHCtEVFFjaraBQ,https://apple.news/AMxu_b-LXRK-4BlehJyCW8A
2019-03-22 06:10:12,https://apple.news/Aa3-OYthEQ3y8C69kXaJpEw,https://apple.news/ACDdHZR3KQnCsWm1z2zgssA,https://apple.news/AYyk2TztTTHCtEVFFjaraBQ,https://apple.news/AMxu_b-LXRK-4BlehJyCW8A
2019-03-22 06:15:11,https://apple.news/Aa3-OYthEQ3y8C69kXaJpEw,https://apple.news/ACDdHZR3KQnCsWm1z2zgssA,https://apple.news/AYyk2TztTTHCtEVFFjaraBQ,https://apple.news/AMxu_b-LXRK-4BlehJyCW8A
2019-03-22 06:20:11,https://apple.news/Aa3-OYthEQ3y8C69kXaJpEw,https://apple.news/ACDdHZR3KQnCsWm1z2zgssA,https://apple.news/AYyk2TztTTHCtEVFFjaraBQ,https://apple.news/AMxu_b-LXRK-4BlehJyCW8A
2019-03-22 06:25:11,https://apple.news/Aa3-OYthEQ3y8C69kXaJpEw,https://apple.news/ACDdHZR3KQnCsWm1z2zgssA,https://apple.news/AYyk2TztTTHCtEVFFjaraBQ,https://apple.news/AMxu_b-LXRK-4BlehJyCW8A
2019-03-22 06:30:13,https://apple.news/Aa3-OYthEQ3y8C69kXaJpEw,https://apple.news/ACDdHZR3KQnCsWm1z2zgssA,https://apple.news/AYyk2TztTTHCtEVFFjaraBQ,https://apple.news/AMxu_b-LXRK-4BlehJyCW8A
2019-03-22 06:35:12,https://apple.news/Aa3-OYthEQ3y8C69kXaJpEw,https://apple.news/ACDdHZR3KQnCsWm1z2zgssA,https://apple.news/AYyk2TztTTHCtEVFFjaraBQ,https://apple.news/AMxu_b-LXRK-4BlehJyCW8A
2019-03-22 06:40:12,https://apple.news/Aa3-OYthEQ3y8C69kXaJpEw,https://apple.news/ACDdHZR3KQnCsWm1z2zgssA,https://apple.news/AYyk2TztTTHCtEVFFjaraBQ,https://apple.news/AMxu_b-LXRK-4BlehJyCW8A
2019-03-22 06:45:11,https://apple.news/Aa3-OYthEQ3y8C69kXaJpEw,https://apple.news/ACDdHZR3KQnCsWm1z2zgssA,https://apple.news/AYyk2TztTTHCtEVFFjaraBQ,https://apple.news/AMxu_b-LXRK-4BlehJyCW8A
2019-03-22 06:50:11,https://apple.news/Aa3-OYthEQ3y8C69kXaJpEw,https://apple.news/ACDdHZR3KQnCsWm1z2zgssA,https://apple.news/AYyk2TztTTHCtEVFFjaraBQ,https://apple.news/AMxu_b-LXRK-4BlehJyCW8A
2019-03-22 06:55:11,https://apple.news/Aa3-OYthEQ3y8C69kXaJpEw,https://apple.news/ACDdHZR3KQnCsWm1z2zgssA,https://apple.news/AYyk2TztTTHCtEVFFjaraBQ,https://apple.news/AMxu_b-LXRK-4BlehJyCW8A
2019-03-22 07:00:11,https://apple.news/Aa3-OYthEQ3y8C69kXaJpEw,https://apple.news/ACDdHZR3KQnCsWm1z2zgssA,https://apple.news/AYyk2TztTTHCtEVFFjaraBQ,https://apple.news/AMxu_b-LXRK-4BlehJyCW8A
2019-03-22 07:05:12,https://apple.news/Aa3-OYthEQ3y8C69kXaJpEw,https://apple.news/ACDdHZR3KQnCsWm1z2zgssA,https://apple.news/AYyk2TztTTHCtEVFFjaraBQ,https://apple.news/AMxu_b-LXRK-4BlehJyCW8A
2019-03-22 07:10:12,https://apple.news/Aa3-OYthEQ3y8C69kXaJpEw,https://apple.news/ACDdHZR3KQnCsWm1z2zgssA,https://apple.news/AYyk2TztTTHCtEVFFjaraBQ,https://apple.news/AMxu_b-LXRK-4BlehJyCW8A
2019-03-22 07:15:13,https://apple.news/Aa3-OYthEQ3y8C69kXaJpEw,https://apple.news/ACDdHZR3KQnCsWm1z2zgssA,https://apple.news/AYyk2TztTTHCtEVFFjaraBQ,https://apple.news/AMxu_b-LXRK-4BlehJyCW8A
2019-03-22 07:20:10,https://apple.news/Aa3-OYthEQ3y8C69kXaJpEw,https://apple.news/ACDdHZR3KQnCsWm1z2zgssA,https://apple.news/AYyk2TztTTHCtEVFFjaraBQ,https://apple.news/AMxu_b-LXRK-4BlehJyCW8A
2019-03-22 07:25:12,https://apple.news/Aa3-OYthEQ3y8C69kXaJpEw,https://apple.news/ACDdHZR3KQnCsWm1z2zgssA,https://apple.news/AYyk2TztTTHCtEVFFjaraBQ,https://apple.news/AMxu_b-LXRK-4BlehJyCW8A
2019-03-22 07:30:11,https://apple.news/Aa3-OYthEQ3y8C69kXaJpEw,https://apple.news/ACDdHZR3KQnCsWm1z2zgssA,https://apple.news/AYyk2TztTTHCtEVFFjaraBQ,https://apple.news/AMxu_b-LXRK-4BlehJyCW8A
2019-03-22 07:35:11,https://apple.news/Aa3-OYthEQ3y8C69kXaJpEw,https://apple.news/ACDdHZR3KQnCsWm1z2zgssA,https://apple.news/AYyk2TztTTHCtEVFFjaraBQ,https://apple.news/AMxu_b-LXRK-4BlehJyCW8A
2019-03-22 07:40:12,https://apple.news/Aa3-OYthEQ3y8C69kXaJpEw,https://apple.news/ACDdHZR3KQnCsWm1z2zgssA,https://apple.news/AYyk2TztTTHCtEVFFjaraBQ,https://apple.news/AMxu_b-LXRK-4BlehJyCW8A
2019-03-22 07:45:12,https://apple.news/Aa3-OYthEQ3y8C69kXaJpEw,https://apple.news/ACDdHZR3KQnCsWm1z2zgssA,https://apple.news/AYyk2TztTTHCtEVFFjaraBQ,https://apple.news/AMxu_b-LXRK-4BlehJyCW8A
2019-03-22 07:50:12,https://apple.news/ACDdHZR3KQnCsWm1z2zgssA,https://apple.news/AYyk2TztTTHCtEVFFjaraBQ,https://apple.news/AMxu_b-LXRK-4BlehJyCW8A
2019-03-22 07:55:11,https://apple.news/Aa3-OYthEQ3y8C69kXaJpEw,https://apple.news/ACDdHZR3KQnCsWm1z2zgssA,https://apple.news/AYyk2TztTTHCtEVFFjaraBQ,https://apple.news/AMxu_b-LXRK-4BlehJyCW8A
2019-03-22 08:00:12,https://apple.news/Aa3-OYthEQ3y8C69kXaJpEw,https://apple.news/ACDdHZR3KQnCsWm1z2zgssA,https://apple.news/AYyk2TztTTHCtEVFFjaraBQ,https://apple.news/AMxu_b-LXRK-4BlehJyCW8A
2019-03-22 08:05:12,https://apple.news/Aa3-OYthEQ3y8C69kXaJpEw,https://apple.news/ACDdHZR3KQnCsWm1z2zgssA,https://apple.news/AYyk2TztTTHCtEVFFjaraBQ,https://apple.news/AMxu_b-LXRK-4BlehJyCW8A
2019-03-22 08:10:11,https://apple.news/Aa3-OYthEQ3y8C69kXaJpEw,https://apple.news/ACDdHZR3KQnCsWm1z2zgssA,https://apple.news/AYyk2TztTTHCtEVFFjaraBQ,https://apple.news/AMxu_b-LXRK-4BlehJyCW8A
2019-03-22 08:15:12,https://apple.news/Aa3-OYthEQ3y8C69kXaJpEw,https://apple.news/ACDdHZR3KQnCsWm1z2zgssA,https://apple.news/AYyk2TztTTHCtEVFFjaraBQ,https://apple.news/AMxu_b-LXRK-4BlehJyCW8A
2019-03-22 08:20:12,https://apple.news/Aa3-OYthEQ3y8C69kXaJpEw,https://apple.news/ACDdHZR3KQnCsWm1z2zgssA,https://apple.news/AYyk2TztTTHCtEVFFjaraBQ,https://apple.news/AMxu_b-LXRK-4BlehJyCW8A
2019-03-22 08:25:12,https://apple.news/Aa3-OYthEQ3y8C69kXaJpEw,https://apple.news/ACDdHZR3KQnCsWm1z2zgssA,https://apple.news/AYyk2TztTTHCtEVFFjaraBQ,https://apple.news/AMxu_b-LXRK-4BlehJyCW8A
2019-03-22 08:30:11,https://apple.news/Aa3-OYthEQ3y8C69kXaJpEw,https://apple.news/ACDdHZR3KQnCsWm1z2zgssA,https://apple.news/AYyk2TztTTHCtEVFFjaraBQ,https://apple.news/AMxu_b-LXRK-4BlehJyCW8A
2019-03-22 08:35:10,https://apple.news/ACDdHZR3KQnCsWm1z2zgssA,https://apple.news/AYyk2TztTTHCtEVFFjaraBQ,https://apple.news/AMxu_b-LXRK-4BlehJyCW8A
2019-03-22 08:40:12,https://apple.news/Aa3-OYthEQ3y8C69kXaJpEw,https://apple.news/ACDdHZR3KQnCsWm1z2zgssA,https://apple.news/AYyk2TztTTHCtEVFFjaraBQ,https://apple.news/AMxu_b-LXRK-4BlehJyCW8A
2019-03-22 08:45:11,https://apple.news/Aa3-OYthEQ3y8C69kXaJpEw,https://apple.news/ACDdHZR3KQnCsWm1z2zgssA,https://apple.news/AYyk2TztTTHCtEVFFjaraBQ,https://apple.news/AMxu_b-LXRK-4BlehJyCW8A
2019-03-22 08:50:13,https://apple.news/Aa3-OYthEQ3y8C69kXaJpEw,https://apple.news/ACDdHZR3KQnCsWm1z2zgssA,https://apple.news/AYyk2TztTTHCtEVFFjaraBQ,https://apple.news/AMxu_b-LXRK-4BlehJyCW8A
2019-03-22 08:55:11,https://apple.news/Aa3-OYthEQ3y8C69kXaJpEw,https://apple.news/ACDdHZR3KQnCsWm1z2zgssA,https://apple.news/AYyk2TztTTHCtEVFFjaraBQ,https://apple.news/AMxu_b-LXRK-4BlehJyCW8A
2019-03-22 09:00:12,https://apple.news/Aa3-OYthEQ3y8C69kXaJpEw,https://apple.news/ACDdHZR3KQnCsWm1z2zgssA,https://apple.news/AYyk2TztTTHCtEVFFjaraBQ,https://apple.news/AMxu_b-LXRK-4BlehJyCW8A
2019-03-22 09:05:11,https://apple.news/Aa3-OYthEQ3y8C69kXaJpEw,https://apple.news/ACDdHZR3KQnCsWm1z2zgssA,https://apple.news/AYyk2TztTTHCtEVFFjaraBQ,https://apple.news/AMxu_b-LXRK-4BlehJyCW8A
2019-03-22 09:10:12,https://apple.news/Ag7ZIdZI6Rly4yakWuOYBhw,https://apple.news/AkrezkXrVT4KhCx2F5_1dMw,https://apple.news/AXszamkqkSAmVUjX18-7qfg,https://apple.news/AiGaciLdUQRmjh3aT1G4XcQ
2019-03-22 09:15:10,https://apple.news/Ag7ZIdZI6Rly4yakWuOYBhw,https://apple.news/AkrezkXrVT4KhCx2F5_1dMw,https://apple.news/AXszamkqkSAmVUjX18-7qfg,https://apple.news/AiGaciLdUQRmjh3aT1G4XcQ
2019-03-22 09:20:13,https://apple.news/Ag7ZIdZI6Rly4yakWuOYBhw,https://apple.news/AkrezkXrVT4KhCx2F5_1dMw,https://apple.news/AXszamkqkSAmVUjX18-7qfg,https://apple.news/AiGaciLdUQRmjh3aT1G4XcQ
2019-03-22 09:25:11,https://apple.news/Ag7ZIdZI6Rly4yakWuOYBhw,https://apple.news/AkrezkXrVT4KhCx2F5_1dMw,https://apple.news/AXszamkqkSAmVUjX18-7qfg,https://apple.news/AiGaciLdUQRmjh3aT1G4XcQ
2019-03-22 09:30:12,https://apple.news/Ag7ZIdZI6Rly4yakWuOYBhw,https://apple.news/AkrezkXrVT4KhCx2F5_1dMw,https://apple.news/AXszamkqkSAmVUjX18-7qfg,https://apple.news/AiGaciLdUQRmjh3aT1G4XcQ
2019-03-22 09:35:12,https://apple.news/Ag7ZIdZI6Rly4yakWuOYBhw,https://apple.news/AkrezkXrVT4KhCx2F5_1dMw,https://apple.news/AXszamkqkSAmVUjX18-7qfg,https://apple.news/AiGaciLdUQRmjh3aT1G4XcQ
2019-03-22 09:40:11,https://apple.news/Ag7ZIdZI6Rly4yakWuOYBhw,https://apple.news/AkrezkXrVT4KhCx2F5_1dMw,https://apple.news/AXszamkqkSAmVUjX18-7qfg,https://apple.news/AiGaciLdUQRmjh3aT1G4XcQ
2019-03-22 09:45:11,https://apple.news/Ag7ZIdZI6Rly4yakWuOYBhw,https://apple.news/AkrezkXrVT4KhCx2F5_1dMw,https://apple.news/AXszamkqkSAmVUjX18-7qfg,https://apple.news/AiGaciLdUQRmjh3aT1G4XcQ,https://apple.news/A3xk3wPruQw-q7H1jKrEeXA
2019-03-22 09:50:12,https://apple.news/Ag7ZIdZI6Rly4yakWuOYBhw,https://apple.news/AkrezkXrVT4KhCx2F5_1dMw,https://apple.news/AXszamkqkSAmVUjX18-7qfg,https://apple.news/AiGaciLdUQRmjh3aT1G4XcQ,https://apple.news/A3xk3wPruQw-q7H1jKrEeXA
2019-03-22 09:55:13,https://apple.news/Ag7ZIdZI6Rly4yakWuOYBhw,https://apple.news/AkrezkXrVT4KhCx2F5_1dMw,https://apple.news/AXszamkqkSAmVUjX18-7qfg,https://apple.news/AiGaciLdUQRmjh3aT1G4XcQ,https://apple.news/A3xk3wPruQw-q7H1jKrEeXA
2019-03-22 10:00:11,https://apple.news/Ag7ZIdZI6Rly4yakWuOYBhw,https://apple.news/AkrezkXrVT4KhCx2F5_1dMw,https://apple.news/AXszamkqkSAmVUjX18-7qfg,https://apple.news/AiGaciLdUQRmjh3aT1G4XcQ,https://apple.news/A3xk3wPruQw-q7H1jKrEeXA
2019-03-22 10:05:11,https://apple.news/Ag7ZIdZI6Rly4yakWuOYBhw,https://apple.news/AkrezkXrVT4KhCx2F5_1dMw,https://apple.news/AXszamkqkSAmVUjX18-7qfg,https://apple.news/AiGaciLdUQRmjh3aT1G4XcQ,https://apple.news/A3xk3wPruQw-q7H1jKrEeXA
2019-03-22 10:10:12,https://apple.news/Ag7ZIdZI6Rly4yakWuOYBhw,https://apple.news/AkrezkXrVT4KhCx2F5_1dMw,https://apple.news/AXszamkqkSAmVUjX18-7qfg,https://apple.news/AiGaciLdUQRmjh3aT1G4XcQ,https://apple.news/A3xk3wPruQw-q7H1jKrEeXA
2019-03-22 10:15:12,https://apple.news/Ag7ZIdZI6Rly4yakWuOYBhw,https://apple.news/AkrezkXrVT4KhCx2F5_1dMw,https://apple.news/AXszamkqkSAmVUjX18-7qfg,https://apple.news/AiGaciLdUQRmjh3aT1G4XcQ,https://apple.news/A3xk3wPruQw-q7H1jKrEeXA
2019-03-22 10:20:12,https://apple.news/Ag7ZIdZI6Rly4yakWuOYBhw,https://apple.news/AkrezkXrVT4KhCx2F5_1dMw,https://apple.news/AXszamkqkSAmVUjX18-7qfg,https://apple.news/AiGaciLdUQRmjh3aT1G4XcQ,https://apple.news/A3xk3wPruQw-q7H1jKrEeXA
2019-03-22 10:25:11,https://apple.news/Ag7ZIdZI6Rly4yakWuOYBhw,https://apple.news/AkrezkXrVT4KhCx2F5_1dMw,https://apple.news/AXszamkqkSAmVUjX18-7qfg,https://apple.news/AiGaciLdUQRmjh3aT1G4XcQ,https://apple.news/A3xk3wPruQw-q7H1jKrEeXA
2019-03-22 10:30:11,https://apple.news/Ag7ZIdZI6Rly4yakWuOYBhw,https://apple.news/AkrezkXrVT4KhCx2F5_1dMw,https://apple.news/AXszamkqkSAmVUjX18-7qfg,https://apple.news/AiGaciLdUQRmjh3aT1G4XcQ,https://apple.news/A3xk3wPruQw-q7H1jKrEeXA
2019-03-22 10:35:11,https://apple.news/Ag7ZIdZI6Rly4yakWuOYBhw,https://apple.news/AkrezkXrVT4KhCx2F5_1dMw,https://apple.news/AXszamkqkSAmVUjX18-7qfg,https://apple.news/AiGaciLdUQRmjh3aT1G4XcQ,https://apple.news/A3xk3wPruQw-q7H1jKrEeXA
2019-03-22 10:40:12,https://apple.news/Ag7ZIdZI6Rly4yakWuOYBhw,https://apple.news/AkrezkXrVT4KhCx2F5_1dMw,https://apple.news/AXszamkqkSAmVUjX18-7qfg,https://apple.news/AiGaciLdUQRmjh3aT1G4XcQ,https://apple.news/A3xk3wPruQw-q7H1jKrEeXA
2019-03-22 10:45:12,https://apple.news/Ag7ZIdZI6Rly4yakWuOYBhw,https://apple.news/AkrezkXrVT4KhCx2F5_1dMw,https://apple.news/AXszamkqkSAmVUjX18-7qfg,https://apple.news/AiGaciLdUQRmjh3aT1G4XcQ,https://apple.news/A3xk3wPruQw-q7H1jKrEeXA
2019-03-22 10:50:12,https://apple.news/Ag7ZIdZI6Rly4yakWuOYBhw,https://apple.news/AkrezkXrVT4KhCx2F5_1dMw,https://apple.news/AXszamkqkSAmVUjX18-7qfg,https://apple.news/AiGaciLdUQRmjh3aT1G4XcQ,https://apple.news/A3xk3wPruQw-q7H1jKrEeXA
2019-03-22 10:55:12,https://apple.news/Ag7ZIdZI6Rly4yakWuOYBhw,https://apple.news/AkrezkXrVT4KhCx2F5_1dMw,https://apple.news/AXszamkqkSAmVUjX18-7qfg,https://apple.news/AiGaciLdUQRmjh3aT1G4XcQ,https://apple.news/A3xk3wPruQw-q7H1jKrEeXA
2019-03-22 11:00:12,https://apple.news/Ag7ZIdZI6Rly4yakWuOYBhw,https://apple.news/AkrezkXrVT4KhCx2F5_1dMw,https://apple.news/AXszamkqkSAmVUjX18-7qfg,https://apple.news/AiGaciLdUQRmjh3aT1G4XcQ,https://apple.news/A3xk3wPruQw-q7H1jKrEeXA
2019-03-22 11:05:11,https://apple.news/Ag7ZIdZI6Rly4yakWuOYBhw,https://apple.news/AkrezkXrVT4KhCx2F5_1dMw,https://apple.news/AXszamkqkSAmVUjX18-7qfg,https://apple.news/AiGaciLdUQRmjh3aT1G4XcQ,https://apple.news/A3xk3wPruQw-q7H1jKrEeXA
2019-03-22 11:10:13,https://apple.news/Ag7ZIdZI6Rly4yakWuOYBhw,https://apple.news/AkrezkXrVT4KhCx2F5_1dMw,https://apple.news/AXszamkqkSAmVUjX18-7qfg,https://apple.news/AiGaciLdUQRmjh3aT1G4XcQ,https://apple.news/A3xk3wPruQw-q7H1jKrEeXA
2019-03-22 11:15:11,https://apple.news/Ag7ZIdZI6Rly4yakWuOYBhw,https://apple.news/AkrezkXrVT4KhCx2F5_1dMw,https://apple.news/AXszamkqkSAmVUjX18-7qfg,https://apple.news/AiGaciLdUQRmjh3aT1G4XcQ,https://apple.news/A3xk3wPruQw-q7H1jKrEeXA
2019-03-22 11:20:12,https://apple.news/Ag7ZIdZI6Rly4yakWuOYBhw,https://apple.news/AkrezkXrVT4KhCx2F5_1dMw,https://apple.news/AXszamkqkSAmVUjX18-7qfg,https://apple.news/AiGaciLdUQRmjh3aT1G4XcQ,https://apple.news/A3xk3wPruQw-q7H1jKrEeXA
2019-03-22 11:25:11,https://apple.news/Ag7ZIdZI6Rly4yakWuOYBhw,https://apple.news/AkrezkXrVT4KhCx2F5_1dMw,https://apple.news/AXszamkqkSAmVUjX18-7qfg,https://apple.news/AiGaciLdUQRmjh3aT1G4XcQ,https://apple.news/A3xk3wPruQw-q7H1jKrEeXA
2019-03-22 11:30:11,https://apple.news/Ag7ZIdZI6Rly4yakWuOYBhw,https://apple.news/AkrezkXrVT4KhCx2F5_1dMw,https://apple.news/AXszamkqkSAmVUjX18-7qfg,https://apple.news/AiGaciLdUQRmjh3aT1G4XcQ,https://apple.news/A3xk3wPruQw-q7H1jKrEeXA
2019-03-22 11:35:12,https://apple.news/Ag7ZIdZI6Rly4yakWuOYBhw,https://apple.news/AkrezkXrVT4KhCx2F5_1dMw,https://apple.news/AXszamkqkSAmVUjX18-7qfg,https://apple.news/AiGaciLdUQRmjh3aT1G4XcQ,https://apple.news/A3xk3wPruQw-q7H1jKrEeXA
2019-03-22 11:40:11,https://apple.news/Ag7ZIdZI6Rly4yakWuOYBhw,https://apple.news/AkrezkXrVT4KhCx2F5_1dMw,https://apple.news/AXszamkqkSAmVUjX18-7qfg,https://apple.news/AiGaciLdUQRmjh3aT1G4XcQ,https://apple.news/A3xk3wPruQw-q7H1jKrEeXA
2019-03-22 11:45:12,https://apple.news/Ag7ZIdZI6Rly4yakWuOYBhw,https://apple.news/AkrezkXrVT4KhCx2F5_1dMw,https://apple.news/AXszamkqkSAmVUjX18-7qfg,https://apple.news/AiGaciLdUQRmjh3aT1G4XcQ,https://apple.news/A3xk3wPruQw-q7H1jKrEeXA
2019-03-22 11:50:11,https://apple.news/AgrNHAeNhTDSfKCKvf8pLng,https://apple.news/Ag7ZIdZI6Rly4yakWuOYBhw,https://apple.news/AkrezkXrVT4KhCx2F5_1dMw,https://apple.news/AXszamkqkSAmVUjX18-7qfg,https://apple.news/A3xk3wPruQw-q7H1jKrEeXA
2019-03-22 11:55:11,https://apple.news/AgrNHAeNhTDSfKCKvf8pLng,https://apple.news/Ag7ZIdZI6Rly4yakWuOYBhw,https://apple.news/AkrezkXrVT4KhCx2F5_1dMw,https://apple.news/AXszamkqkSAmVUjX18-7qfg,https://apple.news/A3xk3wPruQw-q7H1jKrEeXA
2019-03-22 12:00:12,https://apple.news/AgrNHAeNhTDSfKCKvf8pLng,https://apple.news/Ag7ZIdZI6Rly4yakWuOYBhw,https://apple.news/AkrezkXrVT4KhCx2F5_1dMw,https://apple.news/AXszamkqkSAmVUjX18-7qfg,https://apple.news/A3xk3wPruQw-q7H1jKrEeXA
2019-03-22 12:05:12,https://apple.news/AgrNHAeNhTDSfKCKvf8pLng,https://apple.news/Ag7ZIdZI6Rly4yakWuOYBhw,https://apple.news/AkrezkXrVT4KhCx2F5_1dMw,https://apple.news/AXszamkqkSAmVUjX18-7qfg,https://apple.news/A3xk3wPruQw-q7H1jKrEeXA
2019-03-22 12:10:12,https://apple.news/AgrNHAeNhTDSfKCKvf8pLng,https://apple.news/Ag7ZIdZI6Rly4yakWuOYBhw,https://apple.news/AkrezkXrVT4KhCx2F5_1dMw,https://apple.news/AXszamkqkSAmVUjX18-7qfg,https://apple.news/A3xk3wPruQw-q7H1jKrEeXA
2019-03-22 12:15:12,https://apple.news/AgrNHAeNhTDSfKCKvf8pLng,https://apple.news/Ag7ZIdZI6Rly4yakWuOYBhw,https://apple.news/AkrezkXrVT4KhCx2F5_1dMw,https://apple.news/AXszamkqkSAmVUjX18-7qfg,https://apple.news/A3xk3wPruQw-q7H1jKrEeXA
2019-03-22 12:20:12,https://apple.news/AgrNHAeNhTDSfKCKvf8pLng,https://apple.news/Ag7ZIdZI6Rly4yakWuOYBhw,https://apple.news/AkrezkXrVT4KhCx2F5_1dMw,https://apple.news/AXszamkqkSAmVUjX18-7qfg,https://apple.news/A3xk3wPruQw-q7H1jKrEeXA
2019-03-22 12:25:11,https://apple.news/AgrNHAeNhTDSfKCKvf8pLng,https://apple.news/Ag7ZIdZI6Rly4yakWuOYBhw,https://apple.news/AkrezkXrVT4KhCx2F5_1dMw,https://apple.news/AXszamkqkSAmVUjX18-7qfg,https://apple.news/A3xk3wPruQw-q7H1jKrEeXA
2019-03-22 12:30:12,https://apple.news/AgrNHAeNhTDSfKCKvf8pLng,https://apple.news/Ag7ZIdZI6Rly4yakWuOYBhw,https://apple.news/AkrezkXrVT4KhCx2F5_1dMw,https://apple.news/AXszamkqkSAmVUjX18-7qfg,https://apple.news/A3xk3wPruQw-q7H1jKrEeXA
2019-03-22 12:35:12,https://apple.news/AgrNHAeNhTDSfKCKvf8pLng,https://apple.news/Ag7ZIdZI6Rly4yakWuOYBhw,https://apple.news/AkrezkXrVT4KhCx2F5_1dMw,https://apple.news/AXszamkqkSAmVUjX18-7qfg,https://apple.news/A3xk3wPruQw-q7H1jKrEeXA
2019-03-22 12:40:11,https://apple.news/AgrNHAeNhTDSfKCKvf8pLng,https://apple.news/Ag7ZIdZI6Rly4yakWuOYBhw,https://apple.news/AkrezkXrVT4KhCx2F5_1dMw,https://apple.news/AXszamkqkSAmVUjX18-7qfg,https://apple.news/A3xk3wPruQw-q7H1jKrEeXA
2019-03-22 12:45:13,https://apple.news/AgrNHAeNhTDSfKCKvf8pLng,https://apple.news/Ag7ZIdZI6Rly4yakWuOYBhw,https://apple.news/AkrezkXrVT4KhCx2F5_1dMw,https://apple.news/AXszamkqkSAmVUjX18-7qfg,https://apple.news/A3xk3wPruQw-q7H1jKrEeXA
2019-03-22 12:50:12,https://apple.news/AgrNHAeNhTDSfKCKvf8pLng,https://apple.news/Ag7ZIdZI6Rly4yakWuOYBhw,https://apple.news/AkrezkXrVT4KhCx2F5_1dMw,https://apple.news/AXszamkqkSAmVUjX18-7qfg,https://apple.news/A3xk3wPruQw-q7H1jKrEeXA
2019-03-22 12:55:12,https://apple.news/AgrNHAeNhTDSfKCKvf8pLng,https://apple.news/Ag7ZIdZI6Rly4yakWuOYBhw,https://apple.news/AkrezkXrVT4KhCx2F5_1dMw,https://apple.news/AXszamkqkSAmVUjX18-7qfg,https://apple.news/A3xk3wPruQw-q7H1jKrEeXA
2019-03-22 13:00:13,https://apple.news/AgrNHAeNhTDSfKCKvf8pLng,https://apple.news/Ag7ZIdZI6Rly4yakWuOYBhw,https://apple.news/AkrezkXrVT4KhCx2F5_1dMw,https://apple.news/AXszamkqkSAmVUjX18-7qfg,https://apple.news/A3xk3wPruQw-q7H1jKrEeXA
2019-03-22 13:05:11,https://apple.news/AgrNHAeNhTDSfKCKvf8pLng,https://apple.news/Ag7ZIdZI6Rly4yakWuOYBhw,https://apple.news/AkrezkXrVT4KhCx2F5_1dMw,https://apple.news/AXszamkqkSAmVUjX18-7qfg,https://apple.news/A3xk3wPruQw-q7H1jKrEeXA
2019-03-22 13:10:14,https://apple.news/AgrNHAeNhTDSfKCKvf8pLng,https://apple.news/Ag7ZIdZI6Rly4yakWuOYBhw,https://apple.news/AkrezkXrVT4KhCx2F5_1dMw,https://apple.news/AXszamkqkSAmVUjX18-7qfg,https://apple.news/A3xk3wPruQw-q7H1jKrEeXA
2019-03-22 13:15:11,https://apple.news/AgrNHAeNhTDSfKCKvf8pLng,https://apple.news/Ag7ZIdZI6Rly4yakWuOYBhw,https://apple.news/AkrezkXrVT4KhCx2F5_1dMw,https://apple.news/AXszamkqkSAmVUjX18-7qfg,https://apple.news/A3xk3wPruQw-q7H1jKrEeXA
2019-03-22 13:20:11,https://apple.news/AgrNHAeNhTDSfKCKvf8pLng,https://apple.news/Ag7ZIdZI6Rly4yakWuOYBhw,https://apple.news/AkrezkXrVT4KhCx2F5_1dMw,https://apple.news/AXszamkqkSAmVUjX18-7qfg,https://apple.news/A3xk3wPruQw-q7H1jKrEeXA
2019-03-22 13:25:11,https://apple.news/AgrNHAeNhTDSfKCKvf8pLng,https://apple.news/AChG_-2rjQme89zTKJa_EvQ,https://apple.news/Ag7ZIdZI6Rly4yakWuOYBhw,https://apple.news/AXszamkqkSAmVUjX18-7qfg,https://apple.news/A3xk3wPruQw-q7H1jKrEeXA
2019-03-22 13:30:12,https://apple.news/AgrNHAeNhTDSfKCKvf8pLng,https://apple.news/AChG_-2rjQme89zTKJa_EvQ,https://apple.news/Ag7ZIdZI6Rly4yakWuOYBhw,https://apple.news/AXszamkqkSAmVUjX18-7qfg,https://apple.news/A3xk3wPruQw-q7H1jKrEeXA
2019-03-22 13:35:11,https://apple.news/AgrNHAeNhTDSfKCKvf8pLng,https://apple.news/Ag7ZIdZI6Rly4yakWuOYBhw,https://apple.news/AkrezkXrVT4KhCx2F5_1dMw,https://apple.news/AXszamkqkSAmVUjX18-7qfg,https://apple.news/A3xk3wPruQw-q7H1jKrEeXA
2019-03-22 13:40:12,https://apple.news/AgrNHAeNhTDSfKCKvf8pLng,https://apple.news/Ag7ZIdZI6Rly4yakWuOYBhw,https://apple.news/AkrezkXrVT4KhCx2F5_1dMw,https://apple.news/AXszamkqkSAmVUjX18-7qfg,https://apple.news/A3xk3wPruQw-q7H1jKrEeXA
2019-03-22 13:45:12,https://apple.news/AgrNHAeNhTDSfKCKvf8pLng,https://apple.news/Ag7ZIdZI6Rly4yakWuOYBhw,https://apple.news/AkrezkXrVT4KhCx2F5_1dMw,https://apple.news/AXszamkqkSAmVUjX18-7qfg,https://apple.news/A3xk3wPruQw-q7H1jKrEeXA
2019-03-22 13:50:11,https://apple.news/AgrNHAeNhTDSfKCKvf8pLng,https://apple.news/Ag7ZIdZI6Rly4yakWuOYBhw,https://apple.news/AChG_-2rjQme89zTKJa_EvQ,https://apple.news/AXszamkqkSAmVUjX18-7qfg,https://apple.news/A3xk3wPruQw-q7H1jKrEeXA
2019-03-22 13:55:12,https://apple.news/AgrNHAeNhTDSfKCKvf8pLng,https://apple.news/Ag7ZIdZI6Rly4yakWuOYBhw,https://apple.news/AChG_-2rjQme89zTKJa_EvQ,https://apple.news/AXszamkqkSAmVUjX18-7qfg,https://apple.news/A3xk3wPruQw-q7H1jKrEeXA
2019-03-22 14:00:12,https://apple.news/AgrNHAeNhTDSfKCKvf8pLng,https://apple.news/Ag7ZIdZI6Rly4yakWuOYBhw,https://apple.news/AChG_-2rjQme89zTKJa_EvQ,https://apple.news/AXszamkqkSAmVUjX18-7qfg,https://apple.news/A3xk3wPruQw-q7H1jKrEeXA
2019-03-22 14:05:13,https://apple.news/AgrNHAeNhTDSfKCKvf8pLng,https://apple.news/Ag7ZIdZI6Rly4yakWuOYBhw,https://apple.news/AChG_-2rjQme89zTKJa_EvQ,https://apple.news/AXszamkqkSAmVUjX18-7qfg,https://apple.news/A3xk3wPruQw-q7H1jKrEeXA
2019-03-22 14:10:12,https://apple.news/AgrNHAeNhTDSfKCKvf8pLng,https://apple.news/Ag7ZIdZI6Rly4yakWuOYBhw,https://apple.news/AChG_-2rjQme89zTKJa_EvQ,https://apple.news/AXszamkqkSAmVUjX18-7qfg,https://apple.news/A3xk3wPruQw-q7H1jKrEeXA
2019-03-22 14:15:12,https://apple.news/AlDjSiQ_VRre7htTu_eRkPw,https://apple.news/AgrNHAeNhTDSfKCKvf8pLng,https://apple.news/AirN-G1ZwTci2yyuXTLhr_w,https://apple.news/Ag7ZIdZI6Rly4yakWuOYBhw,https://apple.news/A3xk3wPruQw-q7H1jKrEeXA
2019-03-22 14:20:13,https://apple.news/AlDjSiQ_VRre7htTu_eRkPw,https://apple.news/AgrNHAeNhTDSfKCKvf8pLng,https://apple.news/AirN-G1ZwTci2yyuXTLhr_w,https://apple.news/Ag7ZIdZI6Rly4yakWuOYBhw,https://apple.news/A3xk3wPruQw-q7H1jKrEeXA
2019-03-22 14:25:11,https://apple.news/AlDjSiQ_VRre7htTu_eRkPw,https://apple.news/AgrNHAeNhTDSfKCKvf8pLng,https://apple.news/AirN-G1ZwTci2yyuXTLhr_w,https://apple.news/Ag7ZIdZI6Rly4yakWuOYBhw,https://apple.news/A3xk3wPruQw-q7H1jKrEeXA
2019-03-22 14:30:12,https://apple.news/AlDjSiQ_VRre7htTu_eRkPw,https://apple.news/AgrNHAeNhTDSfKCKvf8pLng,https://apple.news/AirN-G1ZwTci2yyuXTLhr_w,https://apple.news/Ag7ZIdZI6Rly4yakWuOYBhw,https://apple.news/A3xk3wPruQw-q7H1jKrEeXA
2019-03-22 14:35:11,https://apple.news/AlDjSiQ_VRre7htTu_eRkPw,https://apple.news/AgrNHAeNhTDSfKCKvf8pLng,https://apple.news/AirN-G1ZwTci2yyuXTLhr_w,https://apple.news/Ag7ZIdZI6Rly4yakWuOYBhw,https://apple.news/A3xk3wPruQw-q7H1jKrEeXA
2019-03-22 14:40:13,https://apple.news/AlDjSiQ_VRre7htTu_eRkPw,https://apple.news/AgrNHAeNhTDSfKCKvf8pLng,https://apple.news/AirN-G1ZwTci2yyuXTLhr_w,https://apple.news/Ag7ZIdZI6Rly4yakWuOYBhw,https://apple.news/A3xk3wPruQw-q7H1jKrEeXA
2019-03-22 14:45:12,https://apple.news/AlDjSiQ_VRre7htTu_eRkPw,https://apple.news/AwofXjax4TvefXpmL9Oqq7g,https://apple.news/A2znZ042rQgGtNExNxP-avw,https://apple.news/AO1SA1kFkQ06GVaYgRPqyyg,https://apple.news/Asi96QBABRsu6xoLoxOgpRw
2019-03-22 14:50:12,https://apple.news/AlDjSiQ_VRre7htTu_eRkPw,https://apple.news/AwofXjax4TvefXpmL9Oqq7g,https://apple.news/A2znZ042rQgGtNExNxP-avw,https://apple.news/AO1SA1kFkQ06GVaYgRPqyyg,https://apple.news/Asi96QBABRsu6xoLoxOgpRw
2019-03-22 14:55:13,https://apple.news/AlDjSiQ_VRre7htTu_eRkPw,https://apple.news/AwofXjax4TvefXpmL9Oqq7g,https://apple.news/A2znZ042rQgGtNExNxP-avw,https://apple.news/AO1SA1kFkQ06GVaYgRPqyyg,https://apple.news/Asi96QBABRsu6xoLoxOgpRw
2019-03-22 15:00:12,https://apple.news/AlDjSiQ_VRre7htTu_eRkPw,https://apple.news/AwofXjax4TvefXpmL9Oqq7g,https://apple.news/A2znZ042rQgGtNExNxP-avw,https://apple.news/AO1SA1kFkQ06GVaYgRPqyyg,https://apple.news/Asi96QBABRsu6xoLoxOgpRw
2019-03-22 15:05:12,https://apple.news/AlDjSiQ_VRre7htTu_eRkPw,https://apple.news/AwofXjax4TvefXpmL9Oqq7g,https://apple.news/A2znZ042rQgGtNExNxP-avw,https://apple.news/AO1SA1kFkQ06GVaYgRPqyyg,https://apple.news/Asi96QBABRsu6xoLoxOgpRw
2019-03-22 15:10:11,https://apple.news/AlDjSiQ_VRre7htTu_eRkPw,https://apple.news/AwofXjax4TvefXpmL9Oqq7g,https://apple.news/A2znZ042rQgGtNExNxP-avw,https://apple.news/AO1SA1kFkQ06GVaYgRPqyyg,https://apple.news/Asi96QBABRsu6xoLoxOgpRw
2019-03-22 15:15:13,https://apple.news/AlDjSiQ_VRre7htTu_eRkPw,https://apple.news/AwofXjax4TvefXpmL9Oqq7g,https://apple.news/A2znZ042rQgGtNExNxP-avw,https://apple.news/AO1SA1kFkQ06GVaYgRPqyyg,https://apple.news/Asi96QBABRsu6xoLoxOgpRw
2019-03-22 15:20:12,https://apple.news/AlDjSiQ_VRre7htTu_eRkPw,https://apple.news/AwofXjax4TvefXpmL9Oqq7g,https://apple.news/A2znZ042rQgGtNExNxP-avw,https://apple.news/AO1SA1kFkQ06GVaYgRPqyyg,https://apple.news/Asi96QBABRsu6xoLoxOgpRw
2019-03-22 15:25:12,https://apple.news/AlDjSiQ_VRre7htTu_eRkPw,https://apple.news/AwofXjax4TvefXpmL9Oqq7g,https://apple.news/A2znZ042rQgGtNExNxP-avw,https://apple.news/AO1SA1kFkQ06GVaYgRPqyyg,https://apple.news/Asi96QBABRsu6xoLoxOgpRw
2019-03-22 15:30:12,https://apple.news/AlDjSiQ_VRre7htTu_eRkPw,https://apple.news/AwofXjax4TvefXpmL9Oqq7g,https://apple.news/A2znZ042rQgGtNExNxP-avw,https://apple.news/AO1SA1kFkQ06GVaYgRPqyyg,https://apple.news/Asi96QBABRsu6xoLoxOgpRw
2019-03-22 15:35:12,https://apple.news/AlDjSiQ_VRre7htTu_eRkPw,https://apple.news/AwofXjax4TvefXpmL9Oqq7g,https://apple.news/A2znZ042rQgGtNExNxP-avw,https://apple.news/AO1SA1kFkQ06GVaYgRPqyyg,https://apple.news/Asi96QBABRsu6xoLoxOgpRw
2019-03-22 15:40:13,https://apple.news/AlDjSiQ_VRre7htTu_eRkPw,https://apple.news/AwofXjax4TvefXpmL9Oqq7g,https://apple.news/A2znZ042rQgGtNExNxP-avw,https://apple.news/AO1SA1kFkQ06GVaYgRPqyyg,https://apple.news/Asi96QBABRsu6xoLoxOgpRw
2019-03-22 15:45:11,https://apple.news/AlDjSiQ_VRre7htTu_eRkPw,https://apple.news/AwofXjax4TvefXpmL9Oqq7g,https://apple.news/A2znZ042rQgGtNExNxP-avw,https://apple.news/AO1SA1kFkQ06GVaYgRPqyyg,https://apple.news/Asi96QBABRsu6xoLoxOgpRw
2019-03-22 15:50:12,https://apple.news/AlDjSiQ_VRre7htTu_eRkPw,https://apple.news/AwofXjax4TvefXpmL9Oqq7g,https://apple.news/A2znZ042rQgGtNExNxP-avw,https://apple.news/AO1SA1kFkQ06GVaYgRPqyyg,https://apple.news/Asi96QBABRsu6xoLoxOgpRw
2019-03-22 15:55:14,https://apple.news/AlDjSiQ_VRre7htTu_eRkPw,https://apple.news/AwofXjax4TvefXpmL9Oqq7g,https://apple.news/A2znZ042rQgGtNExNxP-avw,https://apple.news/AO1SA1kFkQ06GVaYgRPqyyg,https://apple.news/Asi96QBABRsu6xoLoxOgpRw
2019-03-22 16:00:11,https://apple.news/AlDjSiQ_VRre7htTu_eRkPw,https://apple.news/AwofXjax4TvefXpmL9Oqq7g,https://apple.news/A2znZ042rQgGtNExNxP-avw,https://apple.news/AO1SA1kFkQ06GVaYgRPqyyg,https://apple.news/Asi96QBABRsu6xoLoxOgpRw
2019-03-22 16:05:11,https://apple.news/AlDjSiQ_VRre7htTu_eRkPw,https://apple.news/AwofXjax4TvefXpmL9Oqq7g,https://apple.news/A2znZ042rQgGtNExNxP-avw,https://apple.news/AO1SA1kFkQ06GVaYgRPqyyg,https://apple.news/Asi96QBABRsu6xoLoxOgpRw
2019-03-22 16:10:13,https://apple.news/AlDjSiQ_VRre7htTu_eRkPw,https://apple.news/AwofXjax4TvefXpmL9Oqq7g,https://apple.news/A2znZ042rQgGtNExNxP-avw,https://apple.news/AO1SA1kFkQ06GVaYgRPqyyg,https://apple.news/Asi96QBABRsu6xoLoxOgpRw
2019-03-22 16:15:13,https://apple.news/AlDjSiQ_VRre7htTu_eRkPw,https://apple.news/AwofXjax4TvefXpmL9Oqq7g,https://apple.news/A2znZ042rQgGtNExNxP-avw,https://apple.news/AO1SA1kFkQ06GVaYgRPqyyg,https://apple.news/Asi96QBABRsu6xoLoxOgpRw
2019-03-22 16:20:12,https://apple.news/AlDjSiQ_VRre7htTu_eRkPw,https://apple.news/AwofXjax4TvefXpmL9Oqq7g,https://apple.news/A2znZ042rQgGtNExNxP-avw,https://apple.news/AO1SA1kFkQ06GVaYgRPqyyg,https://apple.news/Asi96QBABRsu6xoLoxOgpRw
2019-03-22 16:25:13,https://apple.news/AlDjSiQ_VRre7htTu_eRkPw,https://apple.news/AwofXjax4TvefXpmL9Oqq7g,https://apple.news/A2znZ042rQgGtNExNxP-avw,https://apple.news/AO1SA1kFkQ06GVaYgRPqyyg,https://apple.news/Asi96QBABRsu6xoLoxOgpRw
2019-03-22 16:31:08,https://apple.news/ALEEX3Uy0QICBHxY8-ozFSw,https://apple.news/AwofXjax4TvefXpmL9Oqq7g,https://apple.news/A2znZ042rQgGtNExNxP-avw,https://apple.news/AO1SA1kFkQ06GVaYgRPqyyg,https://apple.news/Asi96QBABRsu6xoLoxOgpRw
2019-03-22 16:35:18,https://apple.news/ALEEX3Uy0QICBHxY8-ozFSw,https://apple.news/AwofXjax4TvefXpmL9Oqq7g,https://apple.news/A2znZ042rQgGtNExNxP-avw,https://apple.news/AO1SA1kFkQ06GVaYgRPqyyg,https://apple.news/Asi96QBABRsu6xoLoxOgpRw
2019-03-22 16:40:12,https://apple.news/ALEEX3Uy0QICBHxY8-ozFSw,https://apple.news/AwofXjax4TvefXpmL9Oqq7g,https://apple.news/A2znZ042rQgGtNExNxP-avw,https://apple.news/AO1SA1kFkQ06GVaYgRPqyyg,https://apple.news/Asi96QBABRsu6xoLoxOgpRw
2019-03-22 16:45:11,https://apple.news/ALEEX3Uy0QICBHxY8-ozFSw,https://apple.news/AwofXjax4TvefXpmL9Oqq7g,https://apple.news/A2znZ042rQgGtNExNxP-avw,https://apple.news/AO1SA1kFkQ06GVaYgRPqyyg,https://apple.news/Asi96QBABRsu6xoLoxOgpRw
2019-03-22 16:50:12,https://apple.news/ALEEX3Uy0QICBHxY8-ozFSw,https://apple.news/AwofXjax4TvefXpmL9Oqq7g,https://apple.news/A2znZ042rQgGtNExNxP-avw,https://apple.news/AO1SA1kFkQ06GVaYgRPqyyg,https://apple.news/Asi96QBABRsu6xoLoxOgpRw
2019-03-22 16:55:13,https://apple.news/ALEEX3Uy0QICBHxY8-ozFSw,https://apple.news/AwofXjax4TvefXpmL9Oqq7g,https://apple.news/A2znZ042rQgGtNExNxP-avw,https://apple.news/AO1SA1kFkQ06GVaYgRPqyyg,https://apple.news/Asi96QBABRsu6xoLoxOgpRw
2019-03-22 17:00:12,https://apple.news/ALEEX3Uy0QICBHxY8-ozFSw,https://apple.news/AwofXjax4TvefXpmL9Oqq7g,https://apple.news/A2znZ042rQgGtNExNxP-avw,https://apple.news/AO1SA1kFkQ06GVaYgRPqyyg,https://apple.news/Asi96QBABRsu6xoLoxOgpRw
2019-03-22 17:05:12,https://apple.news/ALEEX3Uy0QICBHxY8-ozFSw,https://apple.news/AwofXjax4TvefXpmL9Oqq7g,https://apple.news/A2znZ042rQgGtNExNxP-avw,https://apple.news/AO1SA1kFkQ06GVaYgRPqyyg,https://apple.news/Asi96QBABRsu6xoLoxOgpRw
2019-03-22 17:10:13,https://apple.news/ALEEX3Uy0QICBHxY8-ozFSw,https://apple.news/AwofXjax4TvefXpmL9Oqq7g,https://apple.news/A2znZ042rQgGtNExNxP-avw,https://apple.news/AO1SA1kFkQ06GVaYgRPqyyg,https://apple.news/Asi96QBABRsu6xoLoxOgpRw
2019-03-22 17:15:14,https://apple.news/ALEEX3Uy0QICBHxY8-ozFSw,https://apple.news/AwofXjax4TvefXpmL9Oqq7g,https://apple.news/A2znZ042rQgGtNExNxP-avw,https://apple.news/AO1SA1kFkQ06GVaYgRPqyyg,https://apple.news/Asi96QBABRsu6xoLoxOgpRw
2019-03-22 17:20:12,https://apple.news/ALEEX3Uy0QICBHxY8-ozFSw,https://apple.news/AwofXjax4TvefXpmL9Oqq7g,https://apple.news/A2znZ042rQgGtNExNxP-avw,https://apple.news/AO1SA1kFkQ06GVaYgRPqyyg,https://apple.news/Asi96QBABRsu6xoLoxOgpRw
2019-03-22 17:25:12,https://apple.news/ALEEX3Uy0QICBHxY8-ozFSw,https://apple.news/AwofXjax4TvefXpmL9Oqq7g,https://apple.news/A2znZ042rQgGtNExNxP-avw,https://apple.news/AO1SA1kFkQ06GVaYgRPqyyg,https://apple.news/Asi96QBABRsu6xoLoxOgpRw
2019-03-22 17:30:12,https://apple.news/ALEEX3Uy0QICBHxY8-ozFSw,https://apple.news/AwofXjax4TvefXpmL9Oqq7g,https://apple.news/A2znZ042rQgGtNExNxP-avw,https://apple.news/AO1SA1kFkQ06GVaYgRPqyyg,https://apple.news/Asi96QBABRsu6xoLoxOgpRw
2019-03-22 17:35:13,https://apple.news/ALEEX3Uy0QICBHxY8-ozFSw,https://apple.news/AwofXjax4TvefXpmL9Oqq7g,https://apple.news/A2znZ042rQgGtNExNxP-avw,https://apple.news/AO1SA1kFkQ06GVaYgRPqyyg,https://apple.news/Asi96QBABRsu6xoLoxOgpRw
2019-03-22 17:40:12,https://apple.news/ALEEX3Uy0QICBHxY8-ozFSw,https://apple.news/AwofXjax4TvefXpmL9Oqq7g,https://apple.news/A2znZ042rQgGtNExNxP-avw,https://apple.news/AO1SA1kFkQ06GVaYgRPqyyg,https://apple.news/Asi96QBABRsu6xoLoxOgpRw
2019-03-22 17:45:13,https://apple.news/ALEEX3Uy0QICBHxY8-ozFSw,https://apple.news/AwofXjax4TvefXpmL9Oqq7g,https://apple.news/A2znZ042rQgGtNExNxP-avw,https://apple.news/AO1SA1kFkQ06GVaYgRPqyyg,https://apple.news/Asi96QBABRsu6xoLoxOgpRw
2019-03-22 17:50:12,https://apple.news/ALEEX3Uy0QICBHxY8-ozFSw,https://apple.news/AwofXjax4TvefXpmL9Oqq7g,https://apple.news/A2znZ042rQgGtNExNxP-avw,https://apple.news/AO1SA1kFkQ06GVaYgRPqyyg,https://apple.news/Asi96QBABRsu6xoLoxOgpRw
2019-03-22 17:55:12,https://apple.news/ALEEX3Uy0QICBHxY8-ozFSw,https://apple.news/AwofXjax4TvefXpmL9Oqq7g,https://apple.news/A2znZ042rQgGtNExNxP-avw,https://apple.news/AO1SA1kFkQ06GVaYgRPqyyg,https://apple.news/Asi96QBABRsu6xoLoxOgpRw
2019-03-22 18:00:11,https://apple.news/ALEEX3Uy0QICBHxY8-ozFSw,https://apple.news/AwofXjax4TvefXpmL9Oqq7g,https://apple.news/A2znZ042rQgGtNExNxP-avw,https://apple.news/AO1SA1kFkQ06GVaYgRPqyyg,https://apple.news/Asi96QBABRsu6xoLoxOgpRw
2019-03-22 18:05:12,https://apple.news/ALEEX3Uy0QICBHxY8-ozFSw,https://apple.news/AwofXjax4TvefXpmL9Oqq7g,https://apple.news/A2znZ042rQgGtNExNxP-avw,https://apple.news/AO1SA1kFkQ06GVaYgRPqyyg,https://apple.news/Asi96QBABRsu6xoLoxOgpRw
2019-03-22 18:10:12,https://apple.news/ALEEX3Uy0QICBHxY8-ozFSw,https://apple.news/AwofXjax4TvefXpmL9Oqq7g,https://apple.news/A2znZ042rQgGtNExNxP-avw,https://apple.news/AO1SA1kFkQ06GVaYgRPqyyg,https://apple.news/Asi96QBABRsu6xoLoxOgpRw
2019-03-22 18:15:11,https://apple.news/ALEEX3Uy0QICBHxY8-ozFSw,https://apple.news/AwofXjax4TvefXpmL9Oqq7g,https://apple.news/A2znZ042rQgGtNExNxP-avw,https://apple.news/AO1SA1kFkQ06GVaYgRPqyyg,https://apple.news/Asi96QBABRsu6xoLoxOgpRw
2019-03-22 18:20:11,https://apple.news/ALEEX3Uy0QICBHxY8-ozFSw,https://apple.news/A0QX7knkUSqe6J-rpbWN3vA,https://apple.news/AtyB-gpapTWOQ6OrxjgcS-w,https://apple.news/AJgg-dpvfTtysaOL_IHG4Tw,https://apple.news/Aym3qHxbqT_-MiMKfioqoiA
2019-03-22 18:25:13,https://apple.news/ALEEX3Uy0QICBHxY8-ozFSw,https://apple.news/A0QX7knkUSqe6J-rpbWN3vA,https://apple.news/AtyB-gpapTWOQ6OrxjgcS-w,https://apple.news/AJgg-dpvfTtysaOL_IHG4Tw,https://apple.news/Aym3qHxbqT_-MiMKfioqoiA
2019-03-22 18:30:14,https://apple.news/ALEEX3Uy0QICBHxY8-ozFSw,https://apple.news/A0QX7knkUSqe6J-rpbWN3vA,https://apple.news/AtyB-gpapTWOQ6OrxjgcS-w,https://apple.news/AJgg-dpvfTtysaOL_IHG4Tw,https://apple.news/Aym3qHxbqT_-MiMKfioqoiA
2019-03-22 18:35:12,https://apple.news/ALEEX3Uy0QICBHxY8-ozFSw,https://apple.news/A0QX7knkUSqe6J-rpbWN3vA,https://apple.news/AtyB-gpapTWOQ6OrxjgcS-w,https://apple.news/AJgg-dpvfTtysaOL_IHG4Tw,https://apple.news/Aym3qHxbqT_-MiMKfioqoiA
2019-03-22 18:40:12,https://apple.news/ALEEX3Uy0QICBHxY8-ozFSw,https://apple.news/A0QX7knkUSqe6J-rpbWN3vA,https://apple.news/AtyB-gpapTWOQ6OrxjgcS-w,https://apple.news/AJgg-dpvfTtysaOL_IHG4Tw,https://apple.news/Aym3qHxbqT_-MiMKfioqoiA
2019-03-22 18:45:11,https://apple.news/ALEEX3Uy0QICBHxY8-ozFSw,https://apple.news/A0QX7knkUSqe6J-rpbWN3vA,https://apple.news/AtyB-gpapTWOQ6OrxjgcS-w,https://apple.news/AJgg-dpvfTtysaOL_IHG4Tw,https://apple.news/Aym3qHxbqT_-MiMKfioqoiA
2019-03-22 18:50:11,https://apple.news/ALEEX3Uy0QICBHxY8-ozFSw,https://apple.news/A0QX7knkUSqe6J-rpbWN3vA,https://apple.news/AtyB-gpapTWOQ6OrxjgcS-w,https://apple.news/AJgg-dpvfTtysaOL_IHG4Tw,https://apple.news/Aym3qHxbqT_-MiMKfioqoiA
2019-03-22 18:55:11,https://apple.news/ALEEX3Uy0QICBHxY8-ozFSw,https://apple.news/A0QX7knkUSqe6J-rpbWN3vA,https://apple.news/AtyB-gpapTWOQ6OrxjgcS-w,https://apple.news/AJgg-dpvfTtysaOL_IHG4Tw,https://apple.news/Aym3qHxbqT_-MiMKfioqoiA
2019-03-22 19:00:11,https://apple.news/ALEEX3Uy0QICBHxY8-ozFSw,https://apple.news/A0QX7knkUSqe6J-rpbWN3vA,https://apple.news/AtyB-gpapTWOQ6OrxjgcS-w,https://apple.news/AJgg-dpvfTtysaOL_IHG4Tw,https://apple.news/Aym3qHxbqT_-MiMKfioqoiA
2019-03-22 19:05:12,https://apple.news/ALEEX3Uy0QICBHxY8-ozFSw,https://apple.news/A0QX7knkUSqe6J-rpbWN3vA,https://apple.news/AtyB-gpapTWOQ6OrxjgcS-w,https://apple.news/AJgg-dpvfTtysaOL_IHG4Tw,https://apple.news/Aym3qHxbqT_-MiMKfioqoiA
2019-03-22 19:10:13,https://apple.news/ALEEX3Uy0QICBHxY8-ozFSw,https://apple.news/A0QX7knkUSqe6J-rpbWN3vA,https://apple.news/AtyB-gpapTWOQ6OrxjgcS-w,https://apple.news/AJgg-dpvfTtysaOL_IHG4Tw,https://apple.news/Aym3qHxbqT_-MiMKfioqoiA
2019-03-22 19:15:12,https://apple.news/ALEEX3Uy0QICBHxY8-ozFSw,https://apple.news/A0QX7knkUSqe6J-rpbWN3vA,https://apple.news/AtyB-gpapTWOQ6OrxjgcS-w,https://apple.news/AJgg-dpvfTtysaOL_IHG4Tw,https://apple.news/Aym3qHxbqT_-MiMKfioqoiA
2019-03-22 19:20:14,https://apple.news/ALEEX3Uy0QICBHxY8-ozFSw,https://apple.news/A0QX7knkUSqe6J-rpbWN3vA,https://apple.news/AtyB-gpapTWOQ6OrxjgcS-w,https://apple.news/AJgg-dpvfTtysaOL_IHG4Tw,https://apple.news/Aym3qHxbqT_-MiMKfioqoiA
2019-03-22 19:25:12,https://apple.news/ALEEX3Uy0QICBHxY8-ozFSw,https://apple.news/A0QX7knkUSqe6J-rpbWN3vA,https://apple.news/AtyB-gpapTWOQ6OrxjgcS-w,https://apple.news/AJgg-dpvfTtysaOL_IHG4Tw,https://apple.news/Aym3qHxbqT_-MiMKfioqoiA
2019-03-22 19:30:12,https://apple.news/ALEEX3Uy0QICBHxY8-ozFSw,https://apple.news/A0QX7knkUSqe6J-rpbWN3vA,https://apple.news/AtyB-gpapTWOQ6OrxjgcS-w,https://apple.news/AJgg-dpvfTtysaOL_IHG4Tw,https://apple.news/Aym3qHxbqT_-MiMKfioqoiA
2019-03-22 19:35:12,https://apple.news/ALEEX3Uy0QICBHxY8-ozFSw,https://apple.news/A0QX7knkUSqe6J-rpbWN3vA,https://apple.news/AtyB-gpapTWOQ6OrxjgcS-w,https://apple.news/AJgg-dpvfTtysaOL_IHG4Tw,https://apple.news/Aym3qHxbqT_-MiMKfioqoiA
2019-03-22 19:40:13,https://apple.news/ALEEX3Uy0QICBHxY8-ozFSw,https://apple.news/A0QX7knkUSqe6J-rpbWN3vA,https://apple.news/AtyB-gpapTWOQ6OrxjgcS-w,https://apple.news/AJgg-dpvfTtysaOL_IHG4Tw,https://apple.news/Aym3qHxbqT_-MiMKfioqoiA
2019-03-22 19:45:13,https://apple.news/ALEEX3Uy0QICBHxY8-ozFSw,https://apple.news/A0QX7knkUSqe6J-rpbWN3vA,https://apple.news/AtyB-gpapTWOQ6OrxjgcS-w,https://apple.news/AJgg-dpvfTtysaOL_IHG4Tw,https://apple.news/Aym3qHxbqT_-MiMKfioqoiA
2019-03-22 19:50:11,https://apple.news/ALEEX3Uy0QICBHxY8-ozFSw,https://apple.news/A0QX7knkUSqe6J-rpbWN3vA,https://apple.news/AtyB-gpapTWOQ6OrxjgcS-w,https://apple.news/AJgg-dpvfTtysaOL_IHG4Tw,https://apple.news/Aym3qHxbqT_-MiMKfioqoiA
2019-03-22 19:55:14,https://apple.news/ALEEX3Uy0QICBHxY8-ozFSw,https://apple.news/A0QX7knkUSqe6J-rpbWN3vA,https://apple.news/AtyB-gpapTWOQ6OrxjgcS-w,https://apple.news/AJgg-dpvfTtysaOL_IHG4Tw,https://apple.news/Aym3qHxbqT_-MiMKfioqoiA
2019-03-22 20:00:11,https://apple.news/ALEEX3Uy0QICBHxY8-ozFSw,https://apple.news/A0QX7knkUSqe6J-rpbWN3vA,https://apple.news/AtyB-gpapTWOQ6OrxjgcS-w,https://apple.news/AJgg-dpvfTtysaOL_IHG4Tw,https://apple.news/Aym3qHxbqT_-MiMKfioqoiA
2019-03-22 20:05:11,https://apple.news/ALEEX3Uy0QICBHxY8-ozFSw,https://apple.news/A0QX7knkUSqe6J-rpbWN3vA,https://apple.news/AtyB-gpapTWOQ6OrxjgcS-w,https://apple.news/AJgg-dpvfTtysaOL_IHG4Tw,https://apple.news/Aym3qHxbqT_-MiMKfioqoiA
2019-03-22 20:10:12,https://apple.news/ALEEX3Uy0QICBHxY8-ozFSw,https://apple.news/A0QX7knkUSqe6J-rpbWN3vA,https://apple.news/AtyB-gpapTWOQ6OrxjgcS-w,https://apple.news/AJgg-dpvfTtysaOL_IHG4Tw,https://apple.news/Aym3qHxbqT_-MiMKfioqoiA
2019-03-22 20:15:12,https://apple.news/ALEEX3Uy0QICBHxY8-ozFSw,https://apple.news/A0QX7knkUSqe6J-rpbWN3vA,https://apple.news/AtyB-gpapTWOQ6OrxjgcS-w,https://apple.news/AJgg-dpvfTtysaOL_IHG4Tw,https://apple.news/Aym3qHxbqT_-MiMKfioqoiA
2019-03-22 20:20:11,https://apple.news/ALEEX3Uy0QICBHxY8-ozFSw,https://apple.news/A0QX7knkUSqe6J-rpbWN3vA,https://apple.news/AtyB-gpapTWOQ6OrxjgcS-w,https://apple.news/AJgg-dpvfTtysaOL_IHG4Tw,https://apple.news/Aym3qHxbqT_-MiMKfioqoiA
2019-03-22 20:25:13,https://apple.news/ALEEX3Uy0QICBHxY8-ozFSw,https://apple.news/A0QX7knkUSqe6J-rpbWN3vA,https://apple.news/AtyB-gpapTWOQ6OrxjgcS-w,https://apple.news/AJgg-dpvfTtysaOL_IHG4Tw,https://apple.news/Aym3qHxbqT_-MiMKfioqoiA
2019-03-22 20:30:12,https://apple.news/ALEEX3Uy0QICBHxY8-ozFSw,https://apple.news/A0QX7knkUSqe6J-rpbWN3vA,https://apple.news/AtyB-gpapTWOQ6OrxjgcS-w,https://apple.news/AJgg-dpvfTtysaOL_IHG4Tw,https://apple.news/Aym3qHxbqT_-MiMKfioqoiA
2019-03-22 20:35:12,https://apple.news/ALEEX3Uy0QICBHxY8-ozFSw,https://apple.news/A0QX7knkUSqe6J-rpbWN3vA,https://apple.news/AtyB-gpapTWOQ6OrxjgcS-w,https://apple.news/AJgg-dpvfTtysaOL_IHG4Tw,https://apple.news/Aym3qHxbqT_-MiMKfioqoiA
2019-03-22 20:40:12,https://apple.news/ALEEX3Uy0QICBHxY8-ozFSw,https://apple.news/A0QX7knkUSqe6J-rpbWN3vA,https://apple.news/AtyB-gpapTWOQ6OrxjgcS-w,https://apple.news/AJgg-dpvfTtysaOL_IHG4Tw,https://apple.news/Aym3qHxbqT_-MiMKfioqoiA
2019-03-22 20:45:13,https://apple.news/ALEEX3Uy0QICBHxY8-ozFSw,https://apple.news/A0QX7knkUSqe6J-rpbWN3vA,https://apple.news/AtyB-gpapTWOQ6OrxjgcS-w,https://apple.news/AJgg-dpvfTtysaOL_IHG4Tw,https://apple.news/Aym3qHxbqT_-MiMKfioqoiA
2019-03-22 20:50:12,https://apple.news/ALEEX3Uy0QICBHxY8-ozFSw,https://apple.news/A0QX7knkUSqe6J-rpbWN3vA,https://apple.news/AtyB-gpapTWOQ6OrxjgcS-w,https://apple.news/AJgg-dpvfTtysaOL_IHG4Tw,https://apple.news/Aym3qHxbqT_-MiMKfioqoiA
2019-03-22 20:55:12,https://apple.news/ALEEX3Uy0QICBHxY8-ozFSw,https://apple.news/A0QX7knkUSqe6J-rpbWN3vA,https://apple.news/AtyB-gpapTWOQ6OrxjgcS-w,https://apple.news/AJgg-dpvfTtysaOL_IHG4Tw,https://apple.news/Aym3qHxbqT_-MiMKfioqoiA
2019-03-22 21:00:11,https://apple.news/ALEEX3Uy0QICBHxY8-ozFSw,https://apple.news/A0QX7knkUSqe6J-rpbWN3vA,https://apple.news/AtyB-gpapTWOQ6OrxjgcS-w,https://apple.news/AJgg-dpvfTtysaOL_IHG4Tw,https://apple.news/Aym3qHxbqT_-MiMKfioqoiA
2019-03-22 21:05:12,https://apple.news/ALEEX3Uy0QICBHxY8-ozFSw,https://apple.news/A0QX7knkUSqe6J-rpbWN3vA,https://apple.news/AtyB-gpapTWOQ6OrxjgcS-w,https://apple.news/AJgg-dpvfTtysaOL_IHG4Tw
2019-03-22 21:10:11,https://apple.news/ALEEX3Uy0QICBHxY8-ozFSw,https://apple.news/A0QX7knkUSqe6J-rpbWN3vA,https://apple.news/AtyB-gpapTWOQ6OrxjgcS-w,https://apple.news/AJgg-dpvfTtysaOL_IHG4Tw
2019-03-22 21:15:11,https://apple.news/ALEEX3Uy0QICBHxY8-ozFSw,https://apple.news/A0QX7knkUSqe6J-rpbWN3vA,https://apple.news/AtyB-gpapTWOQ6OrxjgcS-w,https://apple.news/AJgg-dpvfTtysaOL_IHG4Tw
2019-03-22 21:20:12,https://apple.news/ALEEX3Uy0QICBHxY8-ozFSw,https://apple.news/A0QX7knkUSqe6J-rpbWN3vA,https://apple.news/AtyB-gpapTWOQ6OrxjgcS-w,https://apple.news/AJgg-dpvfTtysaOL_IHG4Tw
2019-03-22 21:25:11,https://apple.news/ALEEX3Uy0QICBHxY8-ozFSw,https://apple.news/A0QX7knkUSqe6J-rpbWN3vA,https://apple.news/AtyB-gpapTWOQ6OrxjgcS-w,https://apple.news/AJgg-dpvfTtysaOL_IHG4Tw
2019-03-22 21:30:12,https://apple.news/ALEEX3Uy0QICBHxY8-ozFSw,https://apple.news/A0QX7knkUSqe6J-rpbWN3vA,https://apple.news/AtyB-gpapTWOQ6OrxjgcS-w,https://apple.news/AJgg-dpvfTtysaOL_IHG4Tw
2019-03-22 21:35:12,https://apple.news/ALEEX3Uy0QICBHxY8-ozFSw,https://apple.news/A0QX7knkUSqe6J-rpbWN3vA,https://apple.news/AtyB-gpapTWOQ6OrxjgcS-w,https://apple.news/AJgg-dpvfTtysaOL_IHG4Tw
2019-03-22 21:40:12,https://apple.news/ALEEX3Uy0QICBHxY8-ozFSw,https://apple.news/A0QX7knkUSqe6J-rpbWN3vA,https://apple.news/AtyB-gpapTWOQ6OrxjgcS-w,https://apple.news/AJgg-dpvfTtysaOL_IHG4Tw
2019-03-22 21:45:12,https://apple.news/ALEEX3Uy0QICBHxY8-ozFSw,https://apple.news/A0QX7knkUSqe6J-rpbWN3vA,https://apple.news/AtyB-gpapTWOQ6OrxjgcS-w,https://apple.news/AJgg-dpvfTtysaOL_IHG4Tw
2019-03-22 21:50:12,https://apple.news/ALEEX3Uy0QICBHxY8-ozFSw,https://apple.news/AJgg-dpvfTtysaOL_IHG4Tw,https://apple.news/A0QX7knkUSqe6J-rpbWN3vA,https://apple.news/AmUlxoZ7bRYyFKPgIEs6QAQ
2019-03-22 21:55:12,https://apple.news/ALEEX3Uy0QICBHxY8-ozFSw,https://apple.news/AJgg-dpvfTtysaOL_IHG4Tw,https://apple.news/A0QX7knkUSqe6J-rpbWN3vA,https://apple.news/AmUlxoZ7bRYyFKPgIEs6QAQ
2019-03-22 22:00:11,https://apple.news/AJgg-dpvfTtysaOL_IHG4Tw,https://apple.news/A0QX7knkUSqe6J-rpbWN3vA,https://apple.news/AmUlxoZ7bRYyFKPgIEs6QAQ
2019-03-22 22:05:13,https://apple.news/ALEEX3Uy0QICBHxY8-ozFSw,https://apple.news/AJgg-dpvfTtysaOL_IHG4Tw,https://apple.news/A0QX7knkUSqe6J-rpbWN3vA,https://apple.news/AmUlxoZ7bRYyFKPgIEs6QAQ
2019-03-22 22:10:12,https://apple.news/ALEEX3Uy0QICBHxY8-ozFSw,https://apple.news/AJgg-dpvfTtysaOL_IHG4Tw,https://apple.news/A0QX7knkUSqe6J-rpbWN3vA,https://apple.news/AmUlxoZ7bRYyFKPgIEs6QAQ
2019-03-22 22:15:12,https://apple.news/ALEEX3Uy0QICBHxY8-ozFSw,https://apple.news/AJgg-dpvfTtysaOL_IHG4Tw,https://apple.news/A0QX7knkUSqe6J-rpbWN3vA,https://apple.news/AmUlxoZ7bRYyFKPgIEs6QAQ
2019-03-22 22:20:12,https://apple.news/ALEEX3Uy0QICBHxY8-ozFSw,https://apple.news/AJgg-dpvfTtysaOL_IHG4Tw,https://apple.news/A0QX7knkUSqe6J-rpbWN3vA,https://apple.news/AmUlxoZ7bRYyFKPgIEs6QAQ
2019-03-22 22:25:12,https://apple.news/AJgg-dpvfTtysaOL_IHG4Tw,https://apple.news/A0QX7knkUSqe6J-rpbWN3vA,https://apple.news/AmUlxoZ7bRYyFKPgIEs6QAQ
2019-03-22 22:30:12,https://apple.news/ALEEX3Uy0QICBHxY8-ozFSw,https://apple.news/AJgg-dpvfTtysaOL_IHG4Tw,https://apple.news/A0QX7knkUSqe6J-rpbWN3vA,https://apple.news/AmUlxoZ7bRYyFKPgIEs6QAQ
2019-03-22 22:35:11,https://apple.news/ALEEX3Uy0QICBHxY8-ozFSw,https://apple.news/AJgg-dpvfTtysaOL_IHG4Tw,https://apple.news/A0QX7knkUSqe6J-rpbWN3vA,https://apple.news/AmUlxoZ7bRYyFKPgIEs6QAQ
2019-03-22 22:40:11,https://apple.news/ALEEX3Uy0QICBHxY8-ozFSw,https://apple.news/AJgg-dpvfTtysaOL_IHG4Tw,https://apple.news/A0QX7knkUSqe6J-rpbWN3vA,https://apple.news/AmUlxoZ7bRYyFKPgIEs6QAQ
2019-03-22 22:45:11,https://apple.news/ALEEX3Uy0QICBHxY8-ozFSw,https://apple.news/AJgg-dpvfTtysaOL_IHG4Tw,https://apple.news/A0QX7knkUSqe6J-rpbWN3vA,https://apple.news/AmUlxoZ7bRYyFKPgIEs6QAQ
2019-03-22 22:50:10,https://apple.news/ALEEX3Uy0QICBHxY8-ozFSw,https://apple.news/AJgg-dpvfTtysaOL_IHG4Tw,https://apple.news/A0QX7knkUSqe6J-rpbWN3vA,https://apple.news/AmUlxoZ7bRYyFKPgIEs6QAQ
2019-03-22 22:55:11,https://apple.news/AJgg-dpvfTtysaOL_IHG4Tw,https://apple.news/A0QX7knkUSqe6J-rpbWN3vA,https://apple.news/AmUlxoZ7bRYyFKPgIEs6QAQ
2019-03-22 23:00:11,https://apple.news/ALEEX3Uy0QICBHxY8-ozFSw,https://apple.news/AJgg-dpvfTtysaOL_IHG4Tw,https://apple.news/A0QX7knkUSqe6J-rpbWN3vA,https://apple.news/AmUlxoZ7bRYyFKPgIEs6QAQ
2019-03-22 23:05:13,https://apple.news/ALEEX3Uy0QICBHxY8-ozFSw,https://apple.news/AJgg-dpvfTtysaOL_IHG4Tw,https://apple.news/A0QX7knkUSqe6J-rpbWN3vA,https://apple.news/AmUlxoZ7bRYyFKPgIEs6QAQ
2019-03-22 23:10:12,https://apple.news/ALEEX3Uy0QICBHxY8-ozFSw,https://apple.news/AJgg-dpvfTtysaOL_IHG4Tw,https://apple.news/A0QX7knkUSqe6J-rpbWN3vA,https://apple.news/AmUlxoZ7bRYyFKPgIEs6QAQ
2019-03-22 23:15:12,https://apple.news/ALEEX3Uy0QICBHxY8-ozFSw,https://apple.news/AJgg-dpvfTtysaOL_IHG4Tw,https://apple.news/A0QX7knkUSqe6J-rpbWN3vA,https://apple.news/AmUlxoZ7bRYyFKPgIEs6QAQ
2019-03-22 23:20:12,https://apple.news/ALEEX3Uy0QICBHxY8-ozFSw,https://apple.news/AJgg-dpvfTtysaOL_IHG4Tw,https://apple.news/A0QX7knkUSqe6J-rpbWN3vA,https://apple.news/AmUlxoZ7bRYyFKPgIEs6QAQ
2019-03-22 23:25:12,https://apple.news/ALEEX3Uy0QICBHxY8-ozFSw,https://apple.news/AJgg-dpvfTtysaOL_IHG4Tw,https://apple.news/A0QX7knkUSqe6J-rpbWN3vA,https://apple.news/AmUlxoZ7bRYyFKPgIEs6QAQ
2019-03-22 23:30:13,https://apple.news/ALEEX3Uy0QICBHxY8-ozFSw,https://apple.news/AJgg-dpvfTtysaOL_IHG4Tw,https://apple.news/A0QX7knkUSqe6J-rpbWN3vA,https://apple.news/AmUlxoZ7bRYyFKPgIEs6QAQ
2019-03-22 23:35:12,https://apple.news/ALEEX3Uy0QICBHxY8-ozFSw,https://apple.news/AJgg-dpvfTtysaOL_IHG4Tw,https://apple.news/A0QX7knkUSqe6J-rpbWN3vA,https://apple.news/AmUlxoZ7bRYyFKPgIEs6QAQ
2019-03-22 23:40:13,https://apple.news/ALEEX3Uy0QICBHxY8-ozFSw,https://apple.news/AJgg-dpvfTtysaOL_IHG4Tw,https://apple.news/A0QX7knkUSqe6J-rpbWN3vA,https://apple.news/AmUlxoZ7bRYyFKPgIEs6QAQ
2019-03-22 23:45:12,https://apple.news/ALEEX3Uy0QICBHxY8-ozFSw,https://apple.news/AJgg-dpvfTtysaOL_IHG4Tw,https://apple.news/A0QX7knkUSqe6J-rpbWN3vA,https://apple.news/AmUlxoZ7bRYyFKPgIEs6QAQ
2019-03-22 23:50:12,https://apple.news/ALEEX3Uy0QICBHxY8-ozFSw,https://apple.news/AJgg-dpvfTtysaOL_IHG4Tw,https://apple.news/A0QX7knkUSqe6J-rpbWN3vA,https://apple.news/AmUlxoZ7bRYyFKPgIEs6QAQ
2019-03-22 23:55:11,https://apple.news/ALEEX3Uy0QICBHxY8-ozFSw,https://apple.news/AJgg-dpvfTtysaOL_IHG4Tw,https://apple.news/A0QX7knkUSqe6J-rpbWN3vA,https://apple.news/AmUlxoZ7bRYyFKPgIEs6QAQ
