2019-05-03 00:05:01,https://apple.news/AdolFvxraT1CYzOaGzZbpKg,https://apple.news/AMM4VfcFDS0uj8wDwC-UeLQ,https://apple.news/A4S2WhN76T7CAZg9Lawh_wg,https://apple.news/An2wsBBOsTiaIOxHQrvdE5g,https://apple.news/A_9vayTVZRAasA3PExY5pvg,https://apple.news/Aa0Br1rX4RImHkK7ZBqfn6w
2019-05-03 00:10:01,https://apple.news/AdolFvxraT1CYzOaGzZbpKg,https://apple.news/AMM4VfcFDS0uj8wDwC-UeLQ,https://apple.news/A4S2WhN76T7CAZg9Lawh_wg,https://apple.news/An2wsBBOsTiaIOxHQrvdE5g,https://apple.news/A_9vayTVZRAasA3PExY5pvg,https://apple.news/Aa0Br1rX4RImHkK7ZBqfn6w
2019-05-03 00:15:01,https://apple.news/AdolFvxraT1CYzOaGzZbpKg,https://apple.news/An2wsBBOsTiaIOxHQrvdE5g,https://apple.news/A_9vayTVZRAasA3PExY5pvg,https://apple.news/Ap9_qRnShQ3G0jPGW20op7w,https://apple.news/A4S2WhN76T7CAZg9Lawh_wg,https://apple.news/Aa0Br1rX4RImHkK7ZBqfn6w
2019-05-03 00:20:01,https://apple.news/AdolFvxraT1CYzOaGzZbpKg,https://apple.news/An2wsBBOsTiaIOxHQrvdE5g,https://apple.news/A_9vayTVZRAasA3PExY5pvg,https://apple.news/Ap9_qRnShQ3G0jPGW20op7w,https://apple.news/A4S2WhN76T7CAZg9Lawh_wg,https://apple.news/Aa0Br1rX4RImHkK7ZBqfn6w
2019-05-03 00:25:01,https://apple.news/AdolFvxraT1CYzOaGzZbpKg,https://apple.news/An2wsBBOsTiaIOxHQrvdE5g,https://apple.news/A_9vayTVZRAasA3PExY5pvg,https://apple.news/Ap9_qRnShQ3G0jPGW20op7w,https://apple.news/A4S2WhN76T7CAZg9Lawh_wg,https://apple.news/Aa0Br1rX4RImHkK7ZBqfn6w
2019-05-03 00:30:01,https://apple.news/AdolFvxraT1CYzOaGzZbpKg,https://apple.news/An2wsBBOsTiaIOxHQrvdE5g,https://apple.news/Ap9_qRnShQ3G0jPGW20op7w,https://apple.news/A4S2WhN76T7CAZg9Lawh_wg,https://apple.news/A_9vayTVZRAasA3PExY5pvg,https://apple.news/Aa0Br1rX4RImHkK7ZBqfn6w
2019-05-03 00:35:00,https://apple.news/AdolFvxraT1CYzOaGzZbpKg,https://apple.news/An2wsBBOsTiaIOxHQrvdE5g,https://apple.news/Ap9_qRnShQ3G0jPGW20op7w,https://apple.news/A4S2WhN76T7CAZg9Lawh_wg,https://apple.news/A_9vayTVZRAasA3PExY5pvg,https://apple.news/Aa0Br1rX4RImHkK7ZBqfn6w
2019-05-03 00:40:01,https://apple.news/AdolFvxraT1CYzOaGzZbpKg,https://apple.news/An2wsBBOsTiaIOxHQrvdE5g,https://apple.news/Ap9_qRnShQ3G0jPGW20op7w,https://apple.news/A4S2WhN76T7CAZg9Lawh_wg,https://apple.news/A_9vayTVZRAasA3PExY5pvg,https://apple.news/Aa0Br1rX4RImHkK7ZBqfn6w
2019-05-03 00:45:01,https://apple.news/AdolFvxraT1CYzOaGzZbpKg,https://apple.news/A4S2WhN76T7CAZg9Lawh_wg,https://apple.news/Ap9_qRnShQ3G0jPGW20op7w,https://apple.news/A_9vayTVZRAasA3PExY5pvg,https://apple.news/Aa0Br1rX4RImHkK7ZBqfn6w,https://apple.news/AhGAPzywLTJiGn4qDTvbH6g
2019-05-03 00:50:01,https://apple.news/AdolFvxraT1CYzOaGzZbpKg,https://apple.news/A4S2WhN76T7CAZg9Lawh_wg,https://apple.news/Ap9_qRnShQ3G0jPGW20op7w,https://apple.news/A_9vayTVZRAasA3PExY5pvg,https://apple.news/Aa0Br1rX4RImHkK7ZBqfn6w,https://apple.news/AhGAPzywLTJiGn4qDTvbH6g
2019-05-03 00:55:00,https://apple.news/AdolFvxraT1CYzOaGzZbpKg,https://apple.news/A4S2WhN76T7CAZg9Lawh_wg,https://apple.news/Ap9_qRnShQ3G0jPGW20op7w,https://apple.news/A_9vayTVZRAasA3PExY5pvg,https://apple.news/Aa0Br1rX4RImHkK7ZBqfn6w,https://apple.news/AhGAPzywLTJiGn4qDTvbH6g
2019-05-03 01:00:00,https://apple.news/AdolFvxraT1CYzOaGzZbpKg,https://apple.news/A4S2WhN76T7CAZg9Lawh_wg,https://apple.news/Ap9_qRnShQ3G0jPGW20op7w,https://apple.news/A_9vayTVZRAasA3PExY5pvg,https://apple.news/Aa0Br1rX4RImHkK7ZBqfn6w,https://apple.news/AhGAPzywLTJiGn4qDTvbH6g
2019-05-03 01:05:00,https://apple.news/AdolFvxraT1CYzOaGzZbpKg,https://apple.news/A4S2WhN76T7CAZg9Lawh_wg,https://apple.news/Ap9_qRnShQ3G0jPGW20op7w,https://apple.news/A_9vayTVZRAasA3PExY5pvg,https://apple.news/Aa0Br1rX4RImHkK7ZBqfn6w,https://apple.news/AhGAPzywLTJiGn4qDTvbH6g
2019-05-03 01:10:01,https://apple.news/AdolFvxraT1CYzOaGzZbpKg,https://apple.news/A4S2WhN76T7CAZg9Lawh_wg,https://apple.news/Ap9_qRnShQ3G0jPGW20op7w,https://apple.news/A_9vayTVZRAasA3PExY5pvg,https://apple.news/Aa0Br1rX4RImHkK7ZBqfn6w,https://apple.news/AhGAPzywLTJiGn4qDTvbH6g
2019-05-03 01:15:00,https://apple.news/AdolFvxraT1CYzOaGzZbpKg,https://apple.news/A4S2WhN76T7CAZg9Lawh_wg,https://apple.news/Ap9_qRnShQ3G0jPGW20op7w,https://apple.news/A_9vayTVZRAasA3PExY5pvg,https://apple.news/Aa0Br1rX4RImHkK7ZBqfn6w,https://apple.news/AhGAPzywLTJiGn4qDTvbH6g
2019-05-03 01:20:01,https://apple.news/AdolFvxraT1CYzOaGzZbpKg,https://apple.news/Ap9_qRnShQ3G0jPGW20op7w,https://apple.news/A_9vayTVZRAasA3PExY5pvg,https://apple.news/Aa0Br1rX4RImHkK7ZBqfn6w,https://apple.news/A4S2WhN76T7CAZg9Lawh_wg,https://apple.news/AhGAPzywLTJiGn4qDTvbH6g
2019-05-03 01:25:00,https://apple.news/AdolFvxraT1CYzOaGzZbpKg,https://apple.news/Ap9_qRnShQ3G0jPGW20op7w,https://apple.news/A_9vayTVZRAasA3PExY5pvg,https://apple.news/Aa0Br1rX4RImHkK7ZBqfn6w,https://apple.news/A4S2WhN76T7CAZg9Lawh_wg,https://apple.news/AhGAPzywLTJiGn4qDTvbH6g
2019-05-03 01:30:00,https://apple.news/AdolFvxraT1CYzOaGzZbpKg,https://apple.news/Ap9_qRnShQ3G0jPGW20op7w,https://apple.news/Aa0Br1rX4RImHkK7ZBqfn6w,https://apple.news/A4S2WhN76T7CAZg9Lawh_wg,https://apple.news/A_9vayTVZRAasA3PExY5pvg,https://apple.news/AhGAPzywLTJiGn4qDTvbH6g
2019-05-03 01:35:01,https://apple.news/AdolFvxraT1CYzOaGzZbpKg,https://apple.news/Ap9_qRnShQ3G0jPGW20op7w,https://apple.news/Aa0Br1rX4RImHkK7ZBqfn6w,https://apple.news/A4S2WhN76T7CAZg9Lawh_wg,https://apple.news/A_9vayTVZRAasA3PExY5pvg,https://apple.news/AhGAPzywLTJiGn4qDTvbH6g
2019-05-03 01:40:01,https://apple.news/AdolFvxraT1CYzOaGzZbpKg,https://apple.news/Ap9_qRnShQ3G0jPGW20op7w,https://apple.news/Aa0Br1rX4RImHkK7ZBqfn6w,https://apple.news/A4S2WhN76T7CAZg9Lawh_wg,https://apple.news/A_9vayTVZRAasA3PExY5pvg,https://apple.news/AhGAPzywLTJiGn4qDTvbH6g
2019-05-03 01:45:00,https://apple.news/AdolFvxraT1CYzOaGzZbpKg,https://apple.news/Ap9_qRnShQ3G0jPGW20op7w,https://apple.news/Aa0Br1rX4RImHkK7ZBqfn6w,https://apple.news/A4S2WhN76T7CAZg9Lawh_wg,https://apple.news/A_9vayTVZRAasA3PExY5pvg,https://apple.news/AhGAPzywLTJiGn4qDTvbH6g
2019-05-03 01:50:00,https://apple.news/AdolFvxraT1CYzOaGzZbpKg,https://apple.news/Aa0Br1rX4RImHkK7ZBqfn6w,https://apple.news/Ap9_qRnShQ3G0jPGW20op7w,https://apple.news/A4S2WhN76T7CAZg9Lawh_wg,https://apple.news/A_9vayTVZRAasA3PExY5pvg,https://apple.news/AhGAPzywLTJiGn4qDTvbH6g
2019-05-03 01:55:00,https://apple.news/AdolFvxraT1CYzOaGzZbpKg,https://apple.news/Aa0Br1rX4RImHkK7ZBqfn6w,https://apple.news/Ap9_qRnShQ3G0jPGW20op7w,https://apple.news/A4S2WhN76T7CAZg9Lawh_wg,https://apple.news/A_9vayTVZRAasA3PExY5pvg,https://apple.news/AhGAPzywLTJiGn4qDTvbH6g
2019-05-03 02:00:01,https://apple.news/AdolFvxraT1CYzOaGzZbpKg,https://apple.news/Aa0Br1rX4RImHkK7ZBqfn6w,https://apple.news/Ap9_qRnShQ3G0jPGW20op7w,https://apple.news/A4S2WhN76T7CAZg9Lawh_wg,https://apple.news/A_9vayTVZRAasA3PExY5pvg,https://apple.news/AhGAPzywLTJiGn4qDTvbH6g
2019-05-03 02:05:01,https://apple.news/AdolFvxraT1CYzOaGzZbpKg,https://apple.news/Aa0Br1rX4RImHkK7ZBqfn6w,https://apple.news/Ap9_qRnShQ3G0jPGW20op7w,https://apple.news/A4S2WhN76T7CAZg9Lawh_wg,https://apple.news/A_9vayTVZRAasA3PExY5pvg,https://apple.news/AhGAPzywLTJiGn4qDTvbH6g
2019-05-03 02:15:00,https://apple.news/Aa0Br1rX4RImHkK7ZBqfn6w,https://apple.news/Ap9_qRnShQ3G0jPGW20op7w,https://apple.news/A_9vayTVZRAasA3PExY5pvg,https://apple.news/AhGAPzywLTJiGn4qDTvbH6g,https://apple.news/A4S2WhN76T7CAZg9Lawh_wg,https://apple.news/AdolFvxraT1CYzOaGzZbpKg
2019-05-03 02:20:00,https://apple.news/Aa0Br1rX4RImHkK7ZBqfn6w,https://apple.news/Ap9_qRnShQ3G0jPGW20op7w,https://apple.news/A_9vayTVZRAasA3PExY5pvg,https://apple.news/AhGAPzywLTJiGn4qDTvbH6g,https://apple.news/A4S2WhN76T7CAZg9Lawh_wg,https://apple.news/AdolFvxraT1CYzOaGzZbpKg
2019-05-03 02:25:01,https://apple.news/Aa0Br1rX4RImHkK7ZBqfn6w,https://apple.news/Ap9_qRnShQ3G0jPGW20op7w,https://apple.news/A_9vayTVZRAasA3PExY5pvg,https://apple.news/AhGAPzywLTJiGn4qDTvbH6g,https://apple.news/A4S2WhN76T7CAZg9Lawh_wg,https://apple.news/AdolFvxraT1CYzOaGzZbpKg
2019-05-03 02:30:00,https://apple.news/Aa0Br1rX4RImHkK7ZBqfn6w,https://apple.news/Ap9_qRnShQ3G0jPGW20op7w,https://apple.news/A_9vayTVZRAasA3PExY5pvg,https://apple.news/AhGAPzywLTJiGn4qDTvbH6g,https://apple.news/A4S2WhN76T7CAZg9Lawh_wg,https://apple.news/AdolFvxraT1CYzOaGzZbpKg
2019-05-03 02:35:01,https://apple.news/Ap9_qRnShQ3G0jPGW20op7w,https://apple.news/Aa0Br1rX4RImHkK7ZBqfn6w,https://apple.news/AhGAPzywLTJiGn4qDTvbH6g,https://apple.news/A4S2WhN76T7CAZg9Lawh_wg,https://apple.news/AdolFvxraT1CYzOaGzZbpKg,https://apple.news/A_9vayTVZRAasA3PExY5pvg
2019-05-03 02:40:01,https://apple.news/Ap9_qRnShQ3G0jPGW20op7w,https://apple.news/Aa0Br1rX4RImHkK7ZBqfn6w,https://apple.news/AhGAPzywLTJiGn4qDTvbH6g,https://apple.news/A4S2WhN76T7CAZg9Lawh_wg,https://apple.news/AdolFvxraT1CYzOaGzZbpKg,https://apple.news/A_9vayTVZRAasA3PExY5pvg
2019-05-03 02:45:00,https://apple.news/Aa0Br1rX4RImHkK7ZBqfn6w,https://apple.news/Ap9_qRnShQ3G0jPGW20op7w,https://apple.news/AhGAPzywLTJiGn4qDTvbH6g,https://apple.news/A4S2WhN76T7CAZg9Lawh_wg,https://apple.news/AdolFvxraT1CYzOaGzZbpKg,https://apple.news/AuSR1qL2xTbulv0hwQwvPiA
2019-05-03 02:50:00,https://apple.news/Aa0Br1rX4RImHkK7ZBqfn6w,https://apple.news/Ap9_qRnShQ3G0jPGW20op7w,https://apple.news/AhGAPzywLTJiGn4qDTvbH6g,https://apple.news/A4S2WhN76T7CAZg9Lawh_wg,https://apple.news/AdolFvxraT1CYzOaGzZbpKg,https://apple.news/AuSR1qL2xTbulv0hwQwvPiA
2019-05-03 02:55:01,https://apple.news/Aa0Br1rX4RImHkK7ZBqfn6w,https://apple.news/Ap9_qRnShQ3G0jPGW20op7w,https://apple.news/AhGAPzywLTJiGn4qDTvbH6g,https://apple.news/A4S2WhN76T7CAZg9Lawh_wg,https://apple.news/AdolFvxraT1CYzOaGzZbpKg,https://apple.news/AuSR1qL2xTbulv0hwQwvPiA
2019-05-03 03:00:00,https://apple.news/Aa0Br1rX4RImHkK7ZBqfn6w,https://apple.news/Ap9_qRnShQ3G0jPGW20op7w,https://apple.news/AhGAPzywLTJiGn4qDTvbH6g,https://apple.news/A4S2WhN76T7CAZg9Lawh_wg,https://apple.news/AdolFvxraT1CYzOaGzZbpKg,https://apple.news/AuSR1qL2xTbulv0hwQwvPiA
2019-05-03 03:05:01,https://apple.news/Aa0Br1rX4RImHkK7ZBqfn6w,https://apple.news/Ap9_qRnShQ3G0jPGW20op7w,https://apple.news/AhGAPzywLTJiGn4qDTvbH6g,https://apple.news/A4S2WhN76T7CAZg9Lawh_wg,https://apple.news/AdolFvxraT1CYzOaGzZbpKg,https://apple.news/AuSR1qL2xTbulv0hwQwvPiA
2019-05-03 03:10:00,https://apple.news/Aa0Br1rX4RImHkK7ZBqfn6w,https://apple.news/Ap9_qRnShQ3G0jPGW20op7w,https://apple.news/AhGAPzywLTJiGn4qDTvbH6g,https://apple.news/A4S2WhN76T7CAZg9Lawh_wg,https://apple.news/AdolFvxraT1CYzOaGzZbpKg,https://apple.news/AuSR1qL2xTbulv0hwQwvPiA
2019-05-03 03:15:00,https://apple.news/Aa0Br1rX4RImHkK7ZBqfn6w,https://apple.news/Ap9_qRnShQ3G0jPGW20op7w,https://apple.news/AuSR1qL2xTbulv0hwQwvPiA,https://apple.news/A_9vayTVZRAasA3PExY5pvg,https://apple.news/AABuhSCdLSbGlQsW631QNVw,https://apple.news/ATI3JDEARRUqBvac0u_c06w
2019-05-03 03:20:00,https://apple.news/Aa0Br1rX4RImHkK7ZBqfn6w,https://apple.news/Ap9_qRnShQ3G0jPGW20op7w,https://apple.news/AuSR1qL2xTbulv0hwQwvPiA,https://apple.news/A_9vayTVZRAasA3PExY5pvg,https://apple.news/AABuhSCdLSbGlQsW631QNVw,https://apple.news/ATI3JDEARRUqBvac0u_c06w
2019-05-03 03:25:01,https://apple.news/Aa0Br1rX4RImHkK7ZBqfn6w,https://apple.news/Ap9_qRnShQ3G0jPGW20op7w,https://apple.news/AuSR1qL2xTbulv0hwQwvPiA,https://apple.news/A_9vayTVZRAasA3PExY5pvg,https://apple.news/AABuhSCdLSbGlQsW631QNVw,https://apple.news/ATI3JDEARRUqBvac0u_c06w
2019-05-03 03:30:01,https://apple.news/Aa0Br1rX4RImHkK7ZBqfn6w,https://apple.news/AmwOnaouXSz69PNzWtM86dA,https://apple.news/AuSR1qL2xTbulv0hwQwvPiA,https://apple.news/AABuhSCdLSbGlQsW631QNVw,https://apple.news/ATI3JDEARRUqBvac0u_c06w,https://apple.news/A4Lcbc8CfS22elLQOf96F7Q
2019-05-03 03:35:00,https://apple.news/Aa0Br1rX4RImHkK7ZBqfn6w,https://apple.news/AmwOnaouXSz69PNzWtM86dA,https://apple.news/AuSR1qL2xTbulv0hwQwvPiA,https://apple.news/AABuhSCdLSbGlQsW631QNVw,https://apple.news/ATI3JDEARRUqBvac0u_c06w,https://apple.news/A4Lcbc8CfS22elLQOf96F7Q
2019-05-03 03:40:00,https://apple.news/Aa0Br1rX4RImHkK7ZBqfn6w,https://apple.news/AmwOnaouXSz69PNzWtM86dA,https://apple.news/AuSR1qL2xTbulv0hwQwvPiA,https://apple.news/AABuhSCdLSbGlQsW631QNVw,https://apple.news/ATI3JDEARRUqBvac0u_c06w,https://apple.news/A4Lcbc8CfS22elLQOf96F7Q
2019-05-03 03:45:00,https://apple.news/Aa0Br1rX4RImHkK7ZBqfn6w,https://apple.news/AmwOnaouXSz69PNzWtM86dA,https://apple.news/AuSR1qL2xTbulv0hwQwvPiA,https://apple.news/AABuhSCdLSbGlQsW631QNVw,https://apple.news/ATI3JDEARRUqBvac0u_c06w,https://apple.news/AYvyK1BAnQGOr_blM4msWCA
2019-05-03 03:50:01,https://apple.news/Aa0Br1rX4RImHkK7ZBqfn6w,https://apple.news/AmwOnaouXSz69PNzWtM86dA,https://apple.news/AuSR1qL2xTbulv0hwQwvPiA,https://apple.news/AABuhSCdLSbGlQsW631QNVw,https://apple.news/ATI3JDEARRUqBvac0u_c06w,https://apple.news/AYvyK1BAnQGOr_blM4msWCA
2019-05-03 03:55:00,https://apple.news/Aa0Br1rX4RImHkK7ZBqfn6w,https://apple.news/AmwOnaouXSz69PNzWtM86dA,https://apple.news/AuSR1qL2xTbulv0hwQwvPiA,https://apple.news/AABuhSCdLSbGlQsW631QNVw,https://apple.news/ATI3JDEARRUqBvac0u_c06w,https://apple.news/AYvyK1BAnQGOr_blM4msWCA
2019-05-03 04:00:01,https://apple.news/AmwOnaouXSz69PNzWtM86dA,https://apple.news/A-vXeWki_SWeKIBYiMI5GXg,https://apple.news/AuSR1qL2xTbulv0hwQwvPiA,https://apple.news/AABuhSCdLSbGlQsW631QNVw,https://apple.news/AN__tXQwkRHeNV_WKjuHlgw,https://apple.news/Ax4qvz7dsT2aPg7rM-ERPGA
2019-05-03 04:05:00,https://apple.news/AmwOnaouXSz69PNzWtM86dA,https://apple.news/A-vXeWki_SWeKIBYiMI5GXg,https://apple.news/AuSR1qL2xTbulv0hwQwvPiA,https://apple.news/AABuhSCdLSbGlQsW631QNVw,https://apple.news/AN__tXQwkRHeNV_WKjuHlgw,https://apple.news/Ax4qvz7dsT2aPg7rM-ERPGA
2019-05-03 04:10:00,https://apple.news/AmwOnaouXSz69PNzWtM86dA,https://apple.news/A-vXeWki_SWeKIBYiMI5GXg,https://apple.news/AuSR1qL2xTbulv0hwQwvPiA,https://apple.news/AABuhSCdLSbGlQsW631QNVw,https://apple.news/AN__tXQwkRHeNV_WKjuHlgw,https://apple.news/Ax4qvz7dsT2aPg7rM-ERPGA
2019-05-03 04:15:01,https://apple.news/AmwOnaouXSz69PNzWtM86dA,https://apple.news/A-vXeWki_SWeKIBYiMI5GXg,https://apple.news/AuSR1qL2xTbulv0hwQwvPiA,https://apple.news/AABuhSCdLSbGlQsW631QNVw,https://apple.news/AN__tXQwkRHeNV_WKjuHlgw,https://apple.news/Ax4qvz7dsT2aPg7rM-ERPGA
2019-05-03 04:25:01,https://apple.news/AmwOnaouXSz69PNzWtM86dA,https://apple.news/A-vXeWki_SWeKIBYiMI5GXg,https://apple.news/AN__tXQwkRHeNV_WKjuHlgw,https://apple.news/AuSR1qL2xTbulv0hwQwvPiA,https://apple.news/Ax4qvz7dsT2aPg7rM-ERPGA,https://apple.news/AYvyK1BAnQGOr_blM4msWCA
2019-05-03 04:30:01,https://apple.news/A-vXeWki_SWeKIBYiMI5GXg,https://apple.news/AmwOnaouXSz69PNzWtM86dA,https://apple.news/AN__tXQwkRHeNV_WKjuHlgw,https://apple.news/AuSR1qL2xTbulv0hwQwvPiA,https://apple.news/Ax4qvz7dsT2aPg7rM-ERPGA,https://apple.news/AyiUOJMGHR42dgwVOCgIQ9w
2019-05-03 04:35:00,https://apple.news/A-vXeWki_SWeKIBYiMI5GXg,https://apple.news/AmwOnaouXSz69PNzWtM86dA,https://apple.news/AN__tXQwkRHeNV_WKjuHlgw,https://apple.news/AuSR1qL2xTbulv0hwQwvPiA,https://apple.news/Ax4qvz7dsT2aPg7rM-ERPGA,https://apple.news/AyiUOJMGHR42dgwVOCgIQ9w
2019-05-03 04:40:01,https://apple.news/A-vXeWki_SWeKIBYiMI5GXg,https://apple.news/AmwOnaouXSz69PNzWtM86dA,https://apple.news/AN__tXQwkRHeNV_WKjuHlgw,https://apple.news/AuSR1qL2xTbulv0hwQwvPiA,https://apple.news/Ax4qvz7dsT2aPg7rM-ERPGA,https://apple.news/AyiUOJMGHR42dgwVOCgIQ9w
2019-05-03 04:45:00,https://apple.news/A-vXeWki_SWeKIBYiMI5GXg,https://apple.news/AmwOnaouXSz69PNzWtM86dA,https://apple.news/AN__tXQwkRHeNV_WKjuHlgw,https://apple.news/AN0tooUQ2St20h0c0bya0Bw,https://apple.news/AyiUOJMGHR42dgwVOCgIQ9w,https://apple.news/AMMyaHvrISL6l7Qk8RYl_Fg
2019-05-03 04:50:00,https://apple.news/A-vXeWki_SWeKIBYiMI5GXg,https://apple.news/AmwOnaouXSz69PNzWtM86dA,https://apple.news/AN__tXQwkRHeNV_WKjuHlgw,https://apple.news/AN0tooUQ2St20h0c0bya0Bw,https://apple.news/AyiUOJMGHR42dgwVOCgIQ9w,https://apple.news/AMMyaHvrISL6l7Qk8RYl_Fg
2019-05-03 04:55:00,https://apple.news/A-vXeWki_SWeKIBYiMI5GXg,https://apple.news/AmwOnaouXSz69PNzWtM86dA,https://apple.news/AN__tXQwkRHeNV_WKjuHlgw,https://apple.news/AN0tooUQ2St20h0c0bya0Bw,https://apple.news/AyiUOJMGHR42dgwVOCgIQ9w,https://apple.news/AMMyaHvrISL6l7Qk8RYl_Fg
2019-05-03 05:00:00,https://apple.news/A-vXeWki_SWeKIBYiMI5GXg,https://apple.news/AN__tXQwkRHeNV_WKjuHlgw,https://apple.news/AmwOnaouXSz69PNzWtM86dA,https://apple.news/AN0tooUQ2St20h0c0bya0Bw,https://apple.news/AMMyaHvrISL6l7Qk8RYl_Fg,https://apple.news/AyiUOJMGHR42dgwVOCgIQ9w
2019-05-03 05:05:01,https://apple.news/A-vXeWki_SWeKIBYiMI5GXg,https://apple.news/AN__tXQwkRHeNV_WKjuHlgw,https://apple.news/AmwOnaouXSz69PNzWtM86dA,https://apple.news/AN0tooUQ2St20h0c0bya0Bw,https://apple.news/AMMyaHvrISL6l7Qk8RYl_Fg,https://apple.news/AyiUOJMGHR42dgwVOCgIQ9w
2019-05-03 05:10:01,https://apple.news/A-vXeWki_SWeKIBYiMI5GXg,https://apple.news/AN__tXQwkRHeNV_WKjuHlgw,https://apple.news/AmwOnaouXSz69PNzWtM86dA,https://apple.news/AN0tooUQ2St20h0c0bya0Bw,https://apple.news/AMMyaHvrISL6l7Qk8RYl_Fg,https://apple.news/AyiUOJMGHR42dgwVOCgIQ9w
2019-05-03 05:15:00,https://apple.news/A-vXeWki_SWeKIBYiMI5GXg,https://apple.news/AN__tXQwkRHeNV_WKjuHlgw,https://apple.news/AmwOnaouXSz69PNzWtM86dA,https://apple.news/AN0tooUQ2St20h0c0bya0Bw,https://apple.news/AMMyaHvrISL6l7Qk8RYl_Fg,https://apple.news/AyiUOJMGHR42dgwVOCgIQ9w
2019-05-03 05:20:01,https://apple.news/A-vXeWki_SWeKIBYiMI5GXg,https://apple.news/AN__tXQwkRHeNV_WKjuHlgw,https://apple.news/AmwOnaouXSz69PNzWtM86dA,https://apple.news/AN0tooUQ2St20h0c0bya0Bw,https://apple.news/AMMyaHvrISL6l7Qk8RYl_Fg,https://apple.news/AyiUOJMGHR42dgwVOCgIQ9w
2019-05-03 05:25:00,https://apple.news/A-vXeWki_SWeKIBYiMI5GXg,https://apple.news/AN__tXQwkRHeNV_WKjuHlgw,https://apple.news/AmwOnaouXSz69PNzWtM86dA,https://apple.news/AN0tooUQ2St20h0c0bya0Bw,https://apple.news/AMMyaHvrISL6l7Qk8RYl_Fg,https://apple.news/AyiUOJMGHR42dgwVOCgIQ9w
2019-05-03 05:30:00,https://apple.news/A-vXeWki_SWeKIBYiMI5GXg,https://apple.news/AN__tXQwkRHeNV_WKjuHlgw,https://apple.news/AmwOnaouXSz69PNzWtM86dA,https://apple.news/AN0tooUQ2St20h0c0bya0Bw,https://apple.news/AMMyaHvrISL6l7Qk8RYl_Fg,https://apple.news/AyiUOJMGHR42dgwVOCgIQ9w
2019-05-03 05:40:03,https://apple.news/A-vXeWki_SWeKIBYiMI5GXg,https://apple.news/AN__tXQwkRHeNV_WKjuHlgw,https://apple.news/AmwOnaouXSz69PNzWtM86dA,https://apple.news/AN0tooUQ2St20h0c0bya0Bw,https://apple.news/AMMyaHvrISL6l7Qk8RYl_Fg,https://apple.news/AyiUOJMGHR42dgwVOCgIQ9w
2019-05-03 05:45:01,https://apple.news/A-vXeWki_SWeKIBYiMI5GXg,https://apple.news/AN__tXQwkRHeNV_WKjuHlgw,https://apple.news/AmwOnaouXSz69PNzWtM86dA,https://apple.news/AN0tooUQ2St20h0c0bya0Bw,https://apple.news/AMMyaHvrISL6l7Qk8RYl_Fg,https://apple.news/AyiUOJMGHR42dgwVOCgIQ9w
2019-05-03 05:50:00,https://apple.news/A-vXeWki_SWeKIBYiMI5GXg,https://apple.news/AN__tXQwkRHeNV_WKjuHlgw,https://apple.news/AMMyaHvrISL6l7Qk8RYl_Fg,https://apple.news/AmwOnaouXSz69PNzWtM86dA,https://apple.news/AN0tooUQ2St20h0c0bya0Bw,https://apple.news/AyiUOJMGHR42dgwVOCgIQ9w
2019-05-03 05:55:00,https://apple.news/A-vXeWki_SWeKIBYiMI5GXg,https://apple.news/AN__tXQwkRHeNV_WKjuHlgw,https://apple.news/AMMyaHvrISL6l7Qk8RYl_Fg,https://apple.news/AmwOnaouXSz69PNzWtM86dA,https://apple.news/AN0tooUQ2St20h0c0bya0Bw,https://apple.news/AyiUOJMGHR42dgwVOCgIQ9w
2019-05-03 06:00:01,https://apple.news/A-vXeWki_SWeKIBYiMI5GXg,https://apple.news/AMMyaHvrISL6l7Qk8RYl_Fg,https://apple.news/AN__tXQwkRHeNV_WKjuHlgw,https://apple.news/AmwOnaouXSz69PNzWtM86dA,https://apple.news/AN0tooUQ2St20h0c0bya0Bw,https://apple.news/AyiUOJMGHR42dgwVOCgIQ9w
2019-05-03 06:05:01,https://apple.news/A-vXeWki_SWeKIBYiMI5GXg,https://apple.news/AMMyaHvrISL6l7Qk8RYl_Fg,https://apple.news/AN__tXQwkRHeNV_WKjuHlgw,https://apple.news/AmwOnaouXSz69PNzWtM86dA,https://apple.news/AN0tooUQ2St20h0c0bya0Bw,https://apple.news/AyiUOJMGHR42dgwVOCgIQ9w
2019-05-03 06:10:01,https://apple.news/A-vXeWki_SWeKIBYiMI5GXg,https://apple.news/AMMyaHvrISL6l7Qk8RYl_Fg,https://apple.news/AN__tXQwkRHeNV_WKjuHlgw,https://apple.news/AmwOnaouXSz69PNzWtM86dA,https://apple.news/AN0tooUQ2St20h0c0bya0Bw,https://apple.news/AyiUOJMGHR42dgwVOCgIQ9w
2019-05-03 06:15:01,https://apple.news/A-vXeWki_SWeKIBYiMI5GXg,https://apple.news/AMMyaHvrISL6l7Qk8RYl_Fg,https://apple.news/AN__tXQwkRHeNV_WKjuHlgw,https://apple.news/AmwOnaouXSz69PNzWtM86dA,https://apple.news/AN0tooUQ2St20h0c0bya0Bw,https://apple.news/AyiUOJMGHR42dgwVOCgIQ9w
2019-05-03 06:20:00,https://apple.news/A-vXeWki_SWeKIBYiMI5GXg,https://apple.news/AQ8m_ENjyQGyuWeQc3YxwkQ,https://apple.news/AN__tXQwkRHeNV_WKjuHlgw,https://apple.news/AaByweG3vQgqbA0cAx0LPQg,https://apple.news/AmwOnaouXSz69PNzWtM86dA,https://apple.news/AyiUOJMGHR42dgwVOCgIQ9w
2019-05-03 06:25:00,https://apple.news/A-vXeWki_SWeKIBYiMI5GXg,https://apple.news/AQ8m_ENjyQGyuWeQc3YxwkQ,https://apple.news/AN__tXQwkRHeNV_WKjuHlgw,https://apple.news/AaByweG3vQgqbA0cAx0LPQg,https://apple.news/AmwOnaouXSz69PNzWtM86dA,https://apple.news/AyiUOJMGHR42dgwVOCgIQ9w
2019-05-03 06:30:00,https://apple.news/A-vXeWki_SWeKIBYiMI5GXg,https://apple.news/AQ8m_ENjyQGyuWeQc3YxwkQ,https://apple.news/AN__tXQwkRHeNV_WKjuHlgw,https://apple.news/AaByweG3vQgqbA0cAx0LPQg,https://apple.news/AmwOnaouXSz69PNzWtM86dA,https://apple.news/AyiUOJMGHR42dgwVOCgIQ9w
2019-05-03 06:35:00,https://apple.news/A-vXeWki_SWeKIBYiMI5GXg,https://apple.news/AQ8m_ENjyQGyuWeQc3YxwkQ,https://apple.news/AN__tXQwkRHeNV_WKjuHlgw,https://apple.news/AaByweG3vQgqbA0cAx0LPQg,https://apple.news/AmwOnaouXSz69PNzWtM86dA,https://apple.news/AyiUOJMGHR42dgwVOCgIQ9w
2019-05-03 06:40:01,https://apple.news/A-vXeWki_SWeKIBYiMI5GXg,https://apple.news/AQ8m_ENjyQGyuWeQc3YxwkQ,https://apple.news/AN__tXQwkRHeNV_WKjuHlgw,https://apple.news/AaByweG3vQgqbA0cAx0LPQg,https://apple.news/AmwOnaouXSz69PNzWtM86dA,https://apple.news/AyiUOJMGHR42dgwVOCgIQ9w
2019-05-03 06:45:00,https://apple.news/A-vXeWki_SWeKIBYiMI5GXg,https://apple.news/AQ8m_ENjyQGyuWeQc3YxwkQ,https://apple.news/AN__tXQwkRHeNV_WKjuHlgw,https://apple.news/AaByweG3vQgqbA0cAx0LPQg,https://apple.news/AmwOnaouXSz69PNzWtM86dA,https://apple.news/AyiUOJMGHR42dgwVOCgIQ9w
2019-05-03 06:50:01,https://apple.news/AQ8m_ENjyQGyuWeQc3YxwkQ,https://apple.news/A-vXeWki_SWeKIBYiMI5GXg,https://apple.news/AN__tXQwkRHeNV_WKjuHlgw,https://apple.news/AaByweG3vQgqbA0cAx0LPQg,https://apple.news/AmwOnaouXSz69PNzWtM86dA,https://apple.news/AyiUOJMGHR42dgwVOCgIQ9w
2019-05-03 06:55:01,https://apple.news/AQ8m_ENjyQGyuWeQc3YxwkQ,https://apple.news/A-vXeWki_SWeKIBYiMI5GXg,https://apple.news/AN__tXQwkRHeNV_WKjuHlgw,https://apple.news/AaByweG3vQgqbA0cAx0LPQg,https://apple.news/AmwOnaouXSz69PNzWtM86dA,https://apple.news/AyiUOJMGHR42dgwVOCgIQ9w
2019-05-03 07:00:01,https://apple.news/AQ8m_ENjyQGyuWeQc3YxwkQ,https://apple.news/A-vXeWki_SWeKIBYiMI5GXg,https://apple.news/AN__tXQwkRHeNV_WKjuHlgw,https://apple.news/AaByweG3vQgqbA0cAx0LPQg,https://apple.news/A5z6CjLzMQM29DpoO55ZAsw,https://apple.news/AyiUOJMGHR42dgwVOCgIQ9w
2019-05-03 07:05:00,https://apple.news/AQ8m_ENjyQGyuWeQc3YxwkQ,https://apple.news/A-vXeWki_SWeKIBYiMI5GXg,https://apple.news/AN__tXQwkRHeNV_WKjuHlgw,https://apple.news/AaByweG3vQgqbA0cAx0LPQg,https://apple.news/A5z6CjLzMQM29DpoO55ZAsw,https://apple.news/AyiUOJMGHR42dgwVOCgIQ9w
2019-05-03 07:10:00,https://apple.news/AQ8m_ENjyQGyuWeQc3YxwkQ,https://apple.news/A-vXeWki_SWeKIBYiMI5GXg,https://apple.news/AN__tXQwkRHeNV_WKjuHlgw,https://apple.news/AaByweG3vQgqbA0cAx0LPQg,https://apple.news/A5z6CjLzMQM29DpoO55ZAsw,https://apple.news/AyiUOJMGHR42dgwVOCgIQ9w
2019-05-03 07:15:01,https://apple.news/AQ8m_ENjyQGyuWeQc3YxwkQ,https://apple.news/A-vXeWki_SWeKIBYiMI5GXg,https://apple.news/AaByweG3vQgqbA0cAx0LPQg,https://apple.news/AN__tXQwkRHeNV_WKjuHlgw,https://apple.news/A5z6CjLzMQM29DpoO55ZAsw,https://apple.news/AyiUOJMGHR42dgwVOCgIQ9w
2019-05-03 07:20:01,https://apple.news/AQ8m_ENjyQGyuWeQc3YxwkQ,https://apple.news/A-vXeWki_SWeKIBYiMI5GXg,https://apple.news/AaByweG3vQgqbA0cAx0LPQg,https://apple.news/AN__tXQwkRHeNV_WKjuHlgw,https://apple.news/A5z6CjLzMQM29DpoO55ZAsw,https://apple.news/AyiUOJMGHR42dgwVOCgIQ9w
2019-05-03 07:25:01,https://apple.news/AQ8m_ENjyQGyuWeQc3YxwkQ,https://apple.news/A-vXeWki_SWeKIBYiMI5GXg,https://apple.news/AaByweG3vQgqbA0cAx0LPQg,https://apple.news/AN__tXQwkRHeNV_WKjuHlgw,https://apple.news/A5z6CjLzMQM29DpoO55ZAsw,https://apple.news/AyiUOJMGHR42dgwVOCgIQ9w
2019-05-03 07:30:01,https://apple.news/AQ8m_ENjyQGyuWeQc3YxwkQ,https://apple.news/A-vXeWki_SWeKIBYiMI5GXg,https://apple.news/AaByweG3vQgqbA0cAx0LPQg,https://apple.news/AN__tXQwkRHeNV_WKjuHlgw,https://apple.news/A5z6CjLzMQM29DpoO55ZAsw,https://apple.news/AyiUOJMGHR42dgwVOCgIQ9w
2019-05-03 07:35:01,https://apple.news/AQ8m_ENjyQGyuWeQc3YxwkQ,https://apple.news/A-vXeWki_SWeKIBYiMI5GXg,https://apple.news/AaByweG3vQgqbA0cAx0LPQg,https://apple.news/AN__tXQwkRHeNV_WKjuHlgw,https://apple.news/A5z6CjLzMQM29DpoO55ZAsw,https://apple.news/AyiUOJMGHR42dgwVOCgIQ9w
2019-05-03 07:40:01,https://apple.news/AQ8m_ENjyQGyuWeQc3YxwkQ,https://apple.news/A-vXeWki_SWeKIBYiMI5GXg,https://apple.news/AaByweG3vQgqbA0cAx0LPQg,https://apple.news/AN__tXQwkRHeNV_WKjuHlgw,https://apple.news/A5z6CjLzMQM29DpoO55ZAsw,https://apple.news/AyiUOJMGHR42dgwVOCgIQ9w
2019-05-03 07:45:00,https://apple.news/AQ8m_ENjyQGyuWeQc3YxwkQ,https://apple.news/A-vXeWki_SWeKIBYiMI5GXg,https://apple.news/AaByweG3vQgqbA0cAx0LPQg,https://apple.news/AN__tXQwkRHeNV_WKjuHlgw,https://apple.news/A5z6CjLzMQM29DpoO55ZAsw,https://apple.news/AyiUOJMGHR42dgwVOCgIQ9w
2019-05-03 07:50:01,https://apple.news/AQ8m_ENjyQGyuWeQc3YxwkQ,https://apple.news/A-vXeWki_SWeKIBYiMI5GXg,https://apple.news/AaByweG3vQgqbA0cAx0LPQg,https://apple.news/AN__tXQwkRHeNV_WKjuHlgw,https://apple.news/A5z6CjLzMQM29DpoO55ZAsw,https://apple.news/ATnvr-Pc1QBeap9dn9CxVHw
2019-05-03 07:55:01,https://apple.news/AQ8m_ENjyQGyuWeQc3YxwkQ,https://apple.news/A-vXeWki_SWeKIBYiMI5GXg,https://apple.news/AaByweG3vQgqbA0cAx0LPQg,https://apple.news/AN__tXQwkRHeNV_WKjuHlgw,https://apple.news/A5z6CjLzMQM29DpoO55ZAsw,https://apple.news/ATnvr-Pc1QBeap9dn9CxVHw
2019-05-03 08:00:01,https://apple.news/AQ8m_ENjyQGyuWeQc3YxwkQ,https://apple.news/A-vXeWki_SWeKIBYiMI5GXg,https://apple.news/ATnvr-Pc1QBeap9dn9CxVHw,https://apple.news/A5z6CjLzMQM29DpoO55ZAsw,https://apple.news/AaByweG3vQgqbA0cAx0LPQg,https://apple.news/AN__tXQwkRHeNV_WKjuHlgw
2019-05-03 08:05:01,https://apple.news/AQ8m_ENjyQGyuWeQc3YxwkQ,https://apple.news/A-vXeWki_SWeKIBYiMI5GXg,https://apple.news/ATnvr-Pc1QBeap9dn9CxVHw,https://apple.news/A5z6CjLzMQM29DpoO55ZAsw,https://apple.news/AaByweG3vQgqbA0cAx0LPQg,https://apple.news/AN__tXQwkRHeNV_WKjuHlgw
2019-05-03 08:10:00,https://apple.news/AQ8m_ENjyQGyuWeQc3YxwkQ,https://apple.news/A-vXeWki_SWeKIBYiMI5GXg,https://apple.news/ATnvr-Pc1QBeap9dn9CxVHw,https://apple.news/A5z6CjLzMQM29DpoO55ZAsw,https://apple.news/AaByweG3vQgqbA0cAx0LPQg,https://apple.news/AN__tXQwkRHeNV_WKjuHlgw
2019-05-03 08:15:00,https://apple.news/AQ8m_ENjyQGyuWeQc3YxwkQ,https://apple.news/AEkSUBw3aSk-uSPsNSU1xBg,https://apple.news/ATnvr-Pc1QBeap9dn9CxVHw,https://apple.news/AE-0jjfV-T1uphixZy-kw7g,https://apple.news/AaByweG3vQgqbA0cAx0LPQg,https://apple.news/AN__tXQwkRHeNV_WKjuHlgw
2019-05-03 08:20:00,https://apple.news/AQ8m_ENjyQGyuWeQc3YxwkQ,https://apple.news/AEkSUBw3aSk-uSPsNSU1xBg,https://apple.news/ATnvr-Pc1QBeap9dn9CxVHw,https://apple.news/AE-0jjfV-T1uphixZy-kw7g,https://apple.news/AaByweG3vQgqbA0cAx0LPQg,https://apple.news/AN__tXQwkRHeNV_WKjuHlgw
2019-05-03 08:25:01,https://apple.news/AQ8m_ENjyQGyuWeQc3YxwkQ,https://apple.news/AEkSUBw3aSk-uSPsNSU1xBg,https://apple.news/ATnvr-Pc1QBeap9dn9CxVHw,https://apple.news/AE-0jjfV-T1uphixZy-kw7g,https://apple.news/AaByweG3vQgqbA0cAx0LPQg,https://apple.news/AN__tXQwkRHeNV_WKjuHlgw
2019-05-03 08:30:00,https://apple.news/AQ8m_ENjyQGyuWeQc3YxwkQ,https://apple.news/AEkSUBw3aSk-uSPsNSU1xBg,https://apple.news/ATnvr-Pc1QBeap9dn9CxVHw,https://apple.news/A5z6CjLzMQM29DpoO55ZAsw,https://apple.news/AaByweG3vQgqbA0cAx0LPQg,https://apple.news/AN__tXQwkRHeNV_WKjuHlgw
2019-05-03 08:35:00,https://apple.news/AQ8m_ENjyQGyuWeQc3YxwkQ,https://apple.news/AEkSUBw3aSk-uSPsNSU1xBg,https://apple.news/ATnvr-Pc1QBeap9dn9CxVHw,https://apple.news/A5z6CjLzMQM29DpoO55ZAsw,https://apple.news/AaByweG3vQgqbA0cAx0LPQg,https://apple.news/AN__tXQwkRHeNV_WKjuHlgw
2019-05-03 08:40:00,https://apple.news/AQ8m_ENjyQGyuWeQc3YxwkQ,https://apple.news/AEkSUBw3aSk-uSPsNSU1xBg,https://apple.news/ATnvr-Pc1QBeap9dn9CxVHw,https://apple.news/A5z6CjLzMQM29DpoO55ZAsw,https://apple.news/AaByweG3vQgqbA0cAx0LPQg,https://apple.news/AN__tXQwkRHeNV_WKjuHlgw
2019-05-03 08:45:01,https://apple.news/AQ8m_ENjyQGyuWeQc3YxwkQ,https://apple.news/AEkSUBw3aSk-uSPsNSU1xBg,https://apple.news/ATnvr-Pc1QBeap9dn9CxVHw,https://apple.news/AE-0jjfV-T1uphixZy-kw7g,https://apple.news/AaByweG3vQgqbA0cAx0LPQg,https://apple.news/AN__tXQwkRHeNV_WKjuHlgw
2019-05-03 08:50:01,https://apple.news/AQ8m_ENjyQGyuWeQc3YxwkQ,https://apple.news/AEkSUBw3aSk-uSPsNSU1xBg,https://apple.news/ATnvr-Pc1QBeap9dn9CxVHw,https://apple.news/AE-0jjfV-T1uphixZy-kw7g,https://apple.news/AaByweG3vQgqbA0cAx0LPQg,https://apple.news/AN__tXQwkRHeNV_WKjuHlgw
2019-05-03 08:55:01,https://apple.news/AQ8m_ENjyQGyuWeQc3YxwkQ,https://apple.news/AEkSUBw3aSk-uSPsNSU1xBg,https://apple.news/ATnvr-Pc1QBeap9dn9CxVHw,https://apple.news/AE-0jjfV-T1uphixZy-kw7g,https://apple.news/AaByweG3vQgqbA0cAx0LPQg,https://apple.news/AN__tXQwkRHeNV_WKjuHlgw
2019-05-03 09:00:01,https://apple.news/AQ8m_ENjyQGyuWeQc3YxwkQ,https://apple.news/AEkSUBw3aSk-uSPsNSU1xBg,https://apple.news/ATnvr-Pc1QBeap9dn9CxVHw,https://apple.news/AE-0jjfV-T1uphixZy-kw7g,https://apple.news/AaByweG3vQgqbA0cAx0LPQg,https://apple.news/AN__tXQwkRHeNV_WKjuHlgw
2019-05-03 09:05:00,https://apple.news/AQ8m_ENjyQGyuWeQc3YxwkQ,https://apple.news/AEkSUBw3aSk-uSPsNSU1xBg,https://apple.news/ATnvr-Pc1QBeap9dn9CxVHw,https://apple.news/AE-0jjfV-T1uphixZy-kw7g,https://apple.news/AaByweG3vQgqbA0cAx0LPQg,https://apple.news/AN__tXQwkRHeNV_WKjuHlgw
2019-05-03 09:10:00,https://apple.news/AQ8m_ENjyQGyuWeQc3YxwkQ,https://apple.news/AEkSUBw3aSk-uSPsNSU1xBg,https://apple.news/ATnvr-Pc1QBeap9dn9CxVHw,https://apple.news/AE-0jjfV-T1uphixZy-kw7g,https://apple.news/AaByweG3vQgqbA0cAx0LPQg,https://apple.news/AN__tXQwkRHeNV_WKjuHlgw
2019-05-03 09:15:00,https://apple.news/AQ8m_ENjyQGyuWeQc3YxwkQ,https://apple.news/AEkSUBw3aSk-uSPsNSU1xBg,https://apple.news/ATnvr-Pc1QBeap9dn9CxVHw,https://apple.news/AE-0jjfV-T1uphixZy-kw7g,https://apple.news/AaByweG3vQgqbA0cAx0LPQg,https://apple.news/AN__tXQwkRHeNV_WKjuHlgw
2019-05-03 09:20:01,https://apple.news/AEkSUBw3aSk-uSPsNSU1xBg,https://apple.news/AQ8m_ENjyQGyuWeQc3YxwkQ,https://apple.news/ATnvr-Pc1QBeap9dn9CxVHw,https://apple.news/A5z6CjLzMQM29DpoO55ZAsw,https://apple.news/AaByweG3vQgqbA0cAx0LPQg,https://apple.news/AnpZsZvUqSr6xWFU7Kmr3gQ
2019-05-03 09:25:01,https://apple.news/AEkSUBw3aSk-uSPsNSU1xBg,https://apple.news/AQ8m_ENjyQGyuWeQc3YxwkQ,https://apple.news/ATnvr-Pc1QBeap9dn9CxVHw,https://apple.news/A5z6CjLzMQM29DpoO55ZAsw,https://apple.news/AaByweG3vQgqbA0cAx0LPQg,https://apple.news/AnpZsZvUqSr6xWFU7Kmr3gQ
2019-05-03 09:30:00,https://apple.news/AEkSUBw3aSk-uSPsNSU1xBg,https://apple.news/AQ8m_ENjyQGyuWeQc3YxwkQ,https://apple.news/ATnvr-Pc1QBeap9dn9CxVHw,https://apple.news/A5z6CjLzMQM29DpoO55ZAsw,https://apple.news/AaByweG3vQgqbA0cAx0LPQg,https://apple.news/AnpZsZvUqSr6xWFU7Kmr3gQ
2019-05-03 09:35:00,https://apple.news/AEkSUBw3aSk-uSPsNSU1xBg,https://apple.news/AQ8m_ENjyQGyuWeQc3YxwkQ,https://apple.news/ATnvr-Pc1QBeap9dn9CxVHw,https://apple.news/AE-0jjfV-T1uphixZy-kw7g,https://apple.news/A1Bn0LGGtS4e_x8abNmnrUg,https://apple.news/AnpZsZvUqSr6xWFU7Kmr3gQ
2019-05-03 09:40:00,https://apple.news/AEkSUBw3aSk-uSPsNSU1xBg,https://apple.news/AQ8m_ENjyQGyuWeQc3YxwkQ,https://apple.news/ATnvr-Pc1QBeap9dn9CxVHw,https://apple.news/AE-0jjfV-T1uphixZy-kw7g,https://apple.news/A1Bn0LGGtS4e_x8abNmnrUg,https://apple.news/AnpZsZvUqSr6xWFU7Kmr3gQ
2019-05-03 09:45:00,https://apple.news/AEkSUBw3aSk-uSPsNSU1xBg,https://apple.news/AQ8m_ENjyQGyuWeQc3YxwkQ,https://apple.news/ATnvr-Pc1QBeap9dn9CxVHw,https://apple.news/AE-0jjfV-T1uphixZy-kw7g,https://apple.news/A1Bn0LGGtS4e_x8abNmnrUg,https://apple.news/AnpZsZvUqSr6xWFU7Kmr3gQ
2019-05-03 09:50:01,https://apple.news/AEkSUBw3aSk-uSPsNSU1xBg,https://apple.news/AQ8m_ENjyQGyuWeQc3YxwkQ,https://apple.news/ATnvr-Pc1QBeap9dn9CxVHw,https://apple.news/AE-0jjfV-T1uphixZy-kw7g,https://apple.news/A1Bn0LGGtS4e_x8abNmnrUg,https://apple.news/AHNo8CdrIS0Ckd793jKfQtg
2019-05-03 09:55:01,https://apple.news/AEkSUBw3aSk-uSPsNSU1xBg,https://apple.news/AQ8m_ENjyQGyuWeQc3YxwkQ,https://apple.news/ATnvr-Pc1QBeap9dn9CxVHw,https://apple.news/AE-0jjfV-T1uphixZy-kw7g,https://apple.news/A1Bn0LGGtS4e_x8abNmnrUg,https://apple.news/AHNo8CdrIS0Ckd793jKfQtg
2019-05-03 10:00:01,https://apple.news/AEkSUBw3aSk-uSPsNSU1xBg,https://apple.news/AQ8m_ENjyQGyuWeQc3YxwkQ,https://apple.news/ATnvr-Pc1QBeap9dn9CxVHw,https://apple.news/AE-0jjfV-T1uphixZy-kw7g,https://apple.news/A1Bn0LGGtS4e_x8abNmnrUg,https://apple.news/AHNo8CdrIS0Ckd793jKfQtg
2019-05-03 10:05:00,https://apple.news/AEkSUBw3aSk-uSPsNSU1xBg,https://apple.news/AQ8m_ENjyQGyuWeQc3YxwkQ,https://apple.news/ATnvr-Pc1QBeap9dn9CxVHw,https://apple.news/AE-0jjfV-T1uphixZy-kw7g,https://apple.news/A1Bn0LGGtS4e_x8abNmnrUg,https://apple.news/AHNo8CdrIS0Ckd793jKfQtg
2019-05-03 10:10:01,https://apple.news/AEkSUBw3aSk-uSPsNSU1xBg,https://apple.news/AQ8m_ENjyQGyuWeQc3YxwkQ,https://apple.news/ATnvr-Pc1QBeap9dn9CxVHw,https://apple.news/AE-0jjfV-T1uphixZy-kw7g,https://apple.news/A1Bn0LGGtS4e_x8abNmnrUg,https://apple.news/AHNo8CdrIS0Ckd793jKfQtg
2019-05-03 10:15:01,https://apple.news/AEkSUBw3aSk-uSPsNSU1xBg,https://apple.news/ATnvr-Pc1QBeap9dn9CxVHw,https://apple.news/AQ8m_ENjyQGyuWeQc3YxwkQ,https://apple.news/AE-0jjfV-T1uphixZy-kw7g,https://apple.news/A1Bn0LGGtS4e_x8abNmnrUg,https://apple.news/AnpZsZvUqSr6xWFU7Kmr3gQ
2019-05-03 10:20:00,https://apple.news/AEkSUBw3aSk-uSPsNSU1xBg,https://apple.news/ATnvr-Pc1QBeap9dn9CxVHw,https://apple.news/AQ8m_ENjyQGyuWeQc3YxwkQ,https://apple.news/AE-0jjfV-T1uphixZy-kw7g,https://apple.news/A1Bn0LGGtS4e_x8abNmnrUg,https://apple.news/AnpZsZvUqSr6xWFU7Kmr3gQ
2019-05-03 10:25:01,https://apple.news/AEkSUBw3aSk-uSPsNSU1xBg,https://apple.news/ATnvr-Pc1QBeap9dn9CxVHw,https://apple.news/AQ8m_ENjyQGyuWeQc3YxwkQ,https://apple.news/AE-0jjfV-T1uphixZy-kw7g,https://apple.news/A1Bn0LGGtS4e_x8abNmnrUg,https://apple.news/AnpZsZvUqSr6xWFU7Kmr3gQ
2019-05-03 10:30:01,https://apple.news/AEkSUBw3aSk-uSPsNSU1xBg,https://apple.news/ATnvr-Pc1QBeap9dn9CxVHw,https://apple.news/AQ8m_ENjyQGyuWeQc3YxwkQ,https://apple.news/AE-0jjfV-T1uphixZy-kw7g,https://apple.news/A1Bn0LGGtS4e_x8abNmnrUg,https://apple.news/AnpZsZvUqSr6xWFU7Kmr3gQ
2019-05-03 10:35:01,https://apple.news/AEkSUBw3aSk-uSPsNSU1xBg,https://apple.news/ATnvr-Pc1QBeap9dn9CxVHw,https://apple.news/AQ8m_ENjyQGyuWeQc3YxwkQ,https://apple.news/AE-0jjfV-T1uphixZy-kw7g,https://apple.news/AyAQSojnJSKmv9hq9UF6ALQ,https://apple.news/AnpZsZvUqSr6xWFU7Kmr3gQ
2019-05-03 10:40:00,https://apple.news/AEkSUBw3aSk-uSPsNSU1xBg,https://apple.news/ATnvr-Pc1QBeap9dn9CxVHw,https://apple.news/AQ8m_ENjyQGyuWeQc3YxwkQ,https://apple.news/AE-0jjfV-T1uphixZy-kw7g,https://apple.news/AyAQSojnJSKmv9hq9UF6ALQ,https://apple.news/AnpZsZvUqSr6xWFU7Kmr3gQ
2019-05-03 10:45:01,https://apple.news/AEkSUBw3aSk-uSPsNSU1xBg,https://apple.news/AyAQSojnJSKmv9hq9UF6ALQ,https://apple.news/ATnvr-Pc1QBeap9dn9CxVHw,https://apple.news/AE-0jjfV-T1uphixZy-kw7g,https://apple.news/AQ8m_ENjyQGyuWeQc3YxwkQ,https://apple.news/AoZA4J85UTMqIcBSwOYJTXQ
2019-05-03 10:50:01,https://apple.news/AEkSUBw3aSk-uSPsNSU1xBg,https://apple.news/AyAQSojnJSKmv9hq9UF6ALQ,https://apple.news/ATnvr-Pc1QBeap9dn9CxVHw,https://apple.news/AE-0jjfV-T1uphixZy-kw7g,https://apple.news/AQ8m_ENjyQGyuWeQc3YxwkQ,https://apple.news/AoZA4J85UTMqIcBSwOYJTXQ
2019-05-03 10:55:01,https://apple.news/AEkSUBw3aSk-uSPsNSU1xBg,https://apple.news/AyAQSojnJSKmv9hq9UF6ALQ,https://apple.news/ATnvr-Pc1QBeap9dn9CxVHw,https://apple.news/AE-0jjfV-T1uphixZy-kw7g,https://apple.news/AQ8m_ENjyQGyuWeQc3YxwkQ,https://apple.news/AoZA4J85UTMqIcBSwOYJTXQ
2019-05-03 11:00:01,https://apple.news/AEkSUBw3aSk-uSPsNSU1xBg,https://apple.news/AyAQSojnJSKmv9hq9UF6ALQ,https://apple.news/ATnvr-Pc1QBeap9dn9CxVHw,https://apple.news/AE-0jjfV-T1uphixZy-kw7g,https://apple.news/AQ8m_ENjyQGyuWeQc3YxwkQ,https://apple.news/AoZA4J85UTMqIcBSwOYJTXQ
2019-05-03 11:05:01,https://apple.news/AyAQSojnJSKmv9hq9UF6ALQ,https://apple.news/AEkSUBw3aSk-uSPsNSU1xBg,https://apple.news/ATnvr-Pc1QBeap9dn9CxVHw,https://apple.news/AE-0jjfV-T1uphixZy-kw7g,https://apple.news/AQ8m_ENjyQGyuWeQc3YxwkQ,https://apple.news/AoZA4J85UTMqIcBSwOYJTXQ
2019-05-03 11:10:01,https://apple.news/AyAQSojnJSKmv9hq9UF6ALQ,https://apple.news/AEkSUBw3aSk-uSPsNSU1xBg,https://apple.news/ATnvr-Pc1QBeap9dn9CxVHw,https://apple.news/AE-0jjfV-T1uphixZy-kw7g,https://apple.news/AQ8m_ENjyQGyuWeQc3YxwkQ,https://apple.news/AoZA4J85UTMqIcBSwOYJTXQ
2019-05-03 11:15:00,https://apple.news/AyAQSojnJSKmv9hq9UF6ALQ,https://apple.news/ATnvr-Pc1QBeap9dn9CxVHw,https://apple.news/AEkSUBw3aSk-uSPsNSU1xBg,https://apple.news/AhGKlJIHHTXmtXvGlc5qaOw,https://apple.news/A6RlDdhV_Q4Wq-6XipMlu5w,https://apple.news/AoZA4J85UTMqIcBSwOYJTXQ
2019-05-03 11:20:00,https://apple.news/AyAQSojnJSKmv9hq9UF6ALQ,https://apple.news/ATnvr-Pc1QBeap9dn9CxVHw,https://apple.news/AEkSUBw3aSk-uSPsNSU1xBg,https://apple.news/AhGKlJIHHTXmtXvGlc5qaOw,https://apple.news/A6RlDdhV_Q4Wq-6XipMlu5w,https://apple.news/AoZA4J85UTMqIcBSwOYJTXQ
2019-05-03 11:25:00,https://apple.news/AyAQSojnJSKmv9hq9UF6ALQ,https://apple.news/ATnvr-Pc1QBeap9dn9CxVHw,https://apple.news/AEkSUBw3aSk-uSPsNSU1xBg,https://apple.news/AhGKlJIHHTXmtXvGlc5qaOw,https://apple.news/A6RlDdhV_Q4Wq-6XipMlu5w,https://apple.news/AoZA4J85UTMqIcBSwOYJTXQ
2019-05-03 11:30:01,https://apple.news/AyAQSojnJSKmv9hq9UF6ALQ,https://apple.news/AhGKlJIHHTXmtXvGlc5qaOw,https://apple.news/ATnvr-Pc1QBeap9dn9CxVHw,https://apple.news/AEkSUBw3aSk-uSPsNSU1xBg,https://apple.news/A6RlDdhV_Q4Wq-6XipMlu5w,https://apple.news/AoZA4J85UTMqIcBSwOYJTXQ
2019-05-03 11:35:01,https://apple.news/AyAQSojnJSKmv9hq9UF6ALQ,https://apple.news/AhGKlJIHHTXmtXvGlc5qaOw,https://apple.news/ATnvr-Pc1QBeap9dn9CxVHw,https://apple.news/AEkSUBw3aSk-uSPsNSU1xBg,https://apple.news/A6RlDdhV_Q4Wq-6XipMlu5w,https://apple.news/AoZA4J85UTMqIcBSwOYJTXQ
2019-05-03 11:40:00,https://apple.news/AyAQSojnJSKmv9hq9UF6ALQ,https://apple.news/AhGKlJIHHTXmtXvGlc5qaOw,https://apple.news/ATnvr-Pc1QBeap9dn9CxVHw,https://apple.news/AEkSUBw3aSk-uSPsNSU1xBg,https://apple.news/A6RlDdhV_Q4Wq-6XipMlu5w,https://apple.news/AoZA4J85UTMqIcBSwOYJTXQ
2019-05-03 11:45:00,https://apple.news/AyAQSojnJSKmv9hq9UF6ALQ,https://apple.news/AhGKlJIHHTXmtXvGlc5qaOw,https://apple.news/AEkSUBw3aSk-uSPsNSU1xBg,https://apple.news/Ak0Qn_7RHST2LCJ9xhrhqUQ,https://apple.news/A6RlDdhV_Q4Wq-6XipMlu5w,https://apple.news/AoZA4J85UTMqIcBSwOYJTXQ
2019-05-03 11:50:00,https://apple.news/AyAQSojnJSKmv9hq9UF6ALQ,https://apple.news/AhGKlJIHHTXmtXvGlc5qaOw,https://apple.news/AEkSUBw3aSk-uSPsNSU1xBg,https://apple.news/Ak0Qn_7RHST2LCJ9xhrhqUQ,https://apple.news/A6RlDdhV_Q4Wq-6XipMlu5w,https://apple.news/AoZA4J85UTMqIcBSwOYJTXQ
2019-05-03 11:55:01,https://apple.news/AyAQSojnJSKmv9hq9UF6ALQ,https://apple.news/AhGKlJIHHTXmtXvGlc5qaOw,https://apple.news/AEkSUBw3aSk-uSPsNSU1xBg,https://apple.news/Ak0Qn_7RHST2LCJ9xhrhqUQ,https://apple.news/A6RlDdhV_Q4Wq-6XipMlu5w,https://apple.news/AoZA4J85UTMqIcBSwOYJTXQ
2019-05-03 12:00:00,https://apple.news/AyAQSojnJSKmv9hq9UF6ALQ,https://apple.news/AhGKlJIHHTXmtXvGlc5qaOw,https://apple.news/AEkSUBw3aSk-uSPsNSU1xBg,https://apple.news/Ak0Qn_7RHST2LCJ9xhrhqUQ,https://apple.news/A6RlDdhV_Q4Wq-6XipMlu5w,https://apple.news/AoZA4J85UTMqIcBSwOYJTXQ
2019-05-03 12:05:01,https://apple.news/AhGKlJIHHTXmtXvGlc5qaOw,https://apple.news/AyAQSojnJSKmv9hq9UF6ALQ,https://apple.news/AEkSUBw3aSk-uSPsNSU1xBg,https://apple.news/Ak0Qn_7RHST2LCJ9xhrhqUQ,https://apple.news/A6RlDdhV_Q4Wq-6XipMlu5w,https://apple.news/AoZA4J85UTMqIcBSwOYJTXQ
2019-05-03 12:10:00,https://apple.news/AhGKlJIHHTXmtXvGlc5qaOw,https://apple.news/AyAQSojnJSKmv9hq9UF6ALQ,https://apple.news/AEkSUBw3aSk-uSPsNSU1xBg,https://apple.news/Ak0Qn_7RHST2LCJ9xhrhqUQ,https://apple.news/A6RlDdhV_Q4Wq-6XipMlu5w,https://apple.news/AoZA4J85UTMqIcBSwOYJTXQ
2019-05-03 12:15:00,https://apple.news/AhGKlJIHHTXmtXvGlc5qaOw,https://apple.news/AyAQSojnJSKmv9hq9UF6ALQ,https://apple.news/A6RlDdhV_Q4Wq-6XipMlu5w,https://apple.news/Ak0Qn_7RHST2LCJ9xhrhqUQ,https://apple.news/AoZA4J85UTMqIcBSwOYJTXQ,https://apple.news/AEkSUBw3aSk-uSPsNSU1xBg
2019-05-03 12:20:01,https://apple.news/AhGKlJIHHTXmtXvGlc5qaOw,https://apple.news/AyAQSojnJSKmv9hq9UF6ALQ,https://apple.news/A6RlDdhV_Q4Wq-6XipMlu5w,https://apple.news/Ak0Qn_7RHST2LCJ9xhrhqUQ,https://apple.news/AoZA4J85UTMqIcBSwOYJTXQ,https://apple.news/AEkSUBw3aSk-uSPsNSU1xBg
2019-05-03 12:25:01,https://apple.news/AhGKlJIHHTXmtXvGlc5qaOw,https://apple.news/AyAQSojnJSKmv9hq9UF6ALQ,https://apple.news/A6RlDdhV_Q4Wq-6XipMlu5w,https://apple.news/Ak0Qn_7RHST2LCJ9xhrhqUQ,https://apple.news/AoZA4J85UTMqIcBSwOYJTXQ,https://apple.news/AEkSUBw3aSk-uSPsNSU1xBg
2019-05-03 12:30:00,https://apple.news/AyAQSojnJSKmv9hq9UF6ALQ,https://apple.news/A6RlDdhV_Q4Wq-6XipMlu5w,https://apple.news/Ak0Qn_7RHST2LCJ9xhrhqUQ,https://apple.news/AoZA4J85UTMqIcBSwOYJTXQ,https://apple.news/AIgNDLUE6Re-8sAotnNJRsg,https://apple.news/AEkSUBw3aSk-uSPsNSU1xBg
2019-05-03 12:35:01,https://apple.news/A6RlDdhV_Q4Wq-6XipMlu5w,https://apple.news/Ak0Qn_7RHST2LCJ9xhrhqUQ,https://apple.news/AoZA4J85UTMqIcBSwOYJTXQ,https://apple.news/AIgNDLUE6Re-8sAotnNJRsg,https://apple.news/AEkSUBw3aSk-uSPsNSU1xBg,https://apple.news/AqPa3e7okRD22woOPZ1N4hA
2019-05-03 12:40:01,https://apple.news/AyAQSojnJSKmv9hq9UF6ALQ,https://apple.news/A6RlDdhV_Q4Wq-6XipMlu5w,https://apple.news/Ak0Qn_7RHST2LCJ9xhrhqUQ,https://apple.news/AoZA4J85UTMqIcBSwOYJTXQ,https://apple.news/AIgNDLUE6Re-8sAotnNJRsg,https://apple.news/AEkSUBw3aSk-uSPsNSU1xBg
2019-05-03 12:45:00,https://apple.news/AyAQSojnJSKmv9hq9UF6ALQ,https://apple.news/A6RlDdhV_Q4Wq-6XipMlu5w,https://apple.news/Ak0Qn_7RHST2LCJ9xhrhqUQ,https://apple.news/AoZA4J85UTMqIcBSwOYJTXQ,https://apple.news/AIgNDLUE6Re-8sAotnNJRsg,https://apple.news/AEkSUBw3aSk-uSPsNSU1xBg
2019-05-03 12:50:00,https://apple.news/AyAQSojnJSKmv9hq9UF6ALQ,https://apple.news/A6RlDdhV_Q4Wq-6XipMlu5w,https://apple.news/Ak0Qn_7RHST2LCJ9xhrhqUQ,https://apple.news/AoZA4J85UTMqIcBSwOYJTXQ,https://apple.news/AIgNDLUE6Re-8sAotnNJRsg,https://apple.news/AEkSUBw3aSk-uSPsNSU1xBg
2019-05-03 12:55:00,https://apple.news/AyAQSojnJSKmv9hq9UF6ALQ,https://apple.news/A6RlDdhV_Q4Wq-6XipMlu5w,https://apple.news/Ak0Qn_7RHST2LCJ9xhrhqUQ,https://apple.news/AoZA4J85UTMqIcBSwOYJTXQ,https://apple.news/AIgNDLUE6Re-8sAotnNJRsg,https://apple.news/AEkSUBw3aSk-uSPsNSU1xBg
2019-05-03 13:00:01,https://apple.news/AyAQSojnJSKmv9hq9UF6ALQ,https://apple.news/A6RlDdhV_Q4Wq-6XipMlu5w,https://apple.news/AfpsRTKanTaSaJcygUemRaA,https://apple.news/AoZA4J85UTMqIcBSwOYJTXQ,https://apple.news/AIgNDLUE6Re-8sAotnNJRsg,https://apple.news/AEkSUBw3aSk-uSPsNSU1xBg
2019-05-03 13:05:00,https://apple.news/AyAQSojnJSKmv9hq9UF6ALQ,https://apple.news/A6RlDdhV_Q4Wq-6XipMlu5w,https://apple.news/AfpsRTKanTaSaJcygUemRaA,https://apple.news/AoZA4J85UTMqIcBSwOYJTXQ,https://apple.news/AIgNDLUE6Re-8sAotnNJRsg,https://apple.news/AEkSUBw3aSk-uSPsNSU1xBg
2019-05-03 13:10:01,https://apple.news/AyAQSojnJSKmv9hq9UF6ALQ,https://apple.news/A6RlDdhV_Q4Wq-6XipMlu5w,https://apple.news/AfpsRTKanTaSaJcygUemRaA,https://apple.news/AoZA4J85UTMqIcBSwOYJTXQ,https://apple.news/AIgNDLUE6Re-8sAotnNJRsg,https://apple.news/AEkSUBw3aSk-uSPsNSU1xBg
2019-05-03 13:15:00,https://apple.news/AyAQSojnJSKmv9hq9UF6ALQ,https://apple.news/A6RlDdhV_Q4Wq-6XipMlu5w,https://apple.news/AfpsRTKanTaSaJcygUemRaA,https://apple.news/AoZA4J85UTMqIcBSwOYJTXQ,https://apple.news/AIgNDLUE6Re-8sAotnNJRsg,https://apple.news/AEkSUBw3aSk-uSPsNSU1xBg
2019-05-03 13:20:00,https://apple.news/AyAQSojnJSKmv9hq9UF6ALQ,https://apple.news/A6RlDdhV_Q4Wq-6XipMlu5w,https://apple.news/AfpsRTKanTaSaJcygUemRaA,https://apple.news/AoZA4J85UTMqIcBSwOYJTXQ,https://apple.news/AqPa3e7okRD22woOPZ1N4hA,https://apple.news/AIgNDLUE6Re-8sAotnNJRsg
2019-05-03 13:25:00,https://apple.news/AyAQSojnJSKmv9hq9UF6ALQ,https://apple.news/A6RlDdhV_Q4Wq-6XipMlu5w,https://apple.news/AfpsRTKanTaSaJcygUemRaA,https://apple.news/AoZA4J85UTMqIcBSwOYJTXQ,https://apple.news/AqPa3e7okRD22woOPZ1N4hA,https://apple.news/AIgNDLUE6Re-8sAotnNJRsg
2019-05-03 13:30:00,https://apple.news/AyAQSojnJSKmv9hq9UF6ALQ,https://apple.news/A6RlDdhV_Q4Wq-6XipMlu5w,https://apple.news/AfpsRTKanTaSaJcygUemRaA,https://apple.news/AoZA4J85UTMqIcBSwOYJTXQ,https://apple.news/AqPa3e7okRD22woOPZ1N4hA,https://apple.news/AIgNDLUE6Re-8sAotnNJRsg
2019-05-03 13:35:01,https://apple.news/AyAQSojnJSKmv9hq9UF6ALQ,https://apple.news/A6RlDdhV_Q4Wq-6XipMlu5w,https://apple.news/AfpsRTKanTaSaJcygUemRaA,https://apple.news/AoZA4J85UTMqIcBSwOYJTXQ,https://apple.news/AqPa3e7okRD22woOPZ1N4hA,https://apple.news/AIgNDLUE6Re-8sAotnNJRsg
2019-05-03 13:40:00,https://apple.news/AyAQSojnJSKmv9hq9UF6ALQ,https://apple.news/A6RlDdhV_Q4Wq-6XipMlu5w,https://apple.news/AfpsRTKanTaSaJcygUemRaA,https://apple.news/AoZA4J85UTMqIcBSwOYJTXQ,https://apple.news/AqPa3e7okRD22woOPZ1N4hA,https://apple.news/AIgNDLUE6Re-8sAotnNJRsg
2019-05-03 13:45:01,https://apple.news/AyAQSojnJSKmv9hq9UF6ALQ,https://apple.news/A6RlDdhV_Q4Wq-6XipMlu5w,https://apple.news/AfpsRTKanTaSaJcygUemRaA,https://apple.news/AoZA4J85UTMqIcBSwOYJTXQ,https://apple.news/AqPa3e7okRD22woOPZ1N4hA,https://apple.news/AIgNDLUE6Re-8sAotnNJRsg
2019-05-03 13:50:01,https://apple.news/AyAQSojnJSKmv9hq9UF6ALQ,https://apple.news/A6RlDdhV_Q4Wq-6XipMlu5w,https://apple.news/AfpsRTKanTaSaJcygUemRaA,https://apple.news/AoZA4J85UTMqIcBSwOYJTXQ,https://apple.news/AqPa3e7okRD22woOPZ1N4hA,https://apple.news/AIgNDLUE6Re-8sAotnNJRsg
2019-05-03 13:55:01,https://apple.news/AyAQSojnJSKmv9hq9UF6ALQ,https://apple.news/A6RlDdhV_Q4Wq-6XipMlu5w,https://apple.news/AfpsRTKanTaSaJcygUemRaA,https://apple.news/AoZA4J85UTMqIcBSwOYJTXQ,https://apple.news/AqPa3e7okRD22woOPZ1N4hA,https://apple.news/AIgNDLUE6Re-8sAotnNJRsg
2019-05-03 14:00:00,https://apple.news/AyAQSojnJSKmv9hq9UF6ALQ,https://apple.news/A6RlDdhV_Q4Wq-6XipMlu5w,https://apple.news/AfpsRTKanTaSaJcygUemRaA,https://apple.news/AoZA4J85UTMqIcBSwOYJTXQ,https://apple.news/AqPa3e7okRD22woOPZ1N4hA,https://apple.news/AIgNDLUE6Re-8sAotnNJRsg
2019-05-03 14:05:01,https://apple.news/AyAQSojnJSKmv9hq9UF6ALQ,https://apple.news/A6RlDdhV_Q4Wq-6XipMlu5w,https://apple.news/AfpsRTKanTaSaJcygUemRaA,https://apple.news/AoZA4J85UTMqIcBSwOYJTXQ,https://apple.news/AqPa3e7okRD22woOPZ1N4hA,https://apple.news/AIgNDLUE6Re-8sAotnNJRsg
2019-05-03 14:10:01,https://apple.news/AyAQSojnJSKmv9hq9UF6ALQ,https://apple.news/A6RlDdhV_Q4Wq-6XipMlu5w,https://apple.news/AfpsRTKanTaSaJcygUemRaA,https://apple.news/AoZA4J85UTMqIcBSwOYJTXQ,https://apple.news/AqPa3e7okRD22woOPZ1N4hA,https://apple.news/AIgNDLUE6Re-8sAotnNJRsg
2019-05-03 14:15:00,https://apple.news/AyAQSojnJSKmv9hq9UF6ALQ,https://apple.news/A6RlDdhV_Q4Wq-6XipMlu5w,https://apple.news/AqPa3e7okRD22woOPZ1N4hA,https://apple.news/AoZA4J85UTMqIcBSwOYJTXQ,https://apple.news/AfpsRTKanTaSaJcygUemRaA,https://apple.news/Af46PLUhNQ5WvaFr2IoTHlw
2019-05-03 14:20:00,https://apple.news/AyAQSojnJSKmv9hq9UF6ALQ,https://apple.news/A6RlDdhV_Q4Wq-6XipMlu5w,https://apple.news/AqPa3e7okRD22woOPZ1N4hA,https://apple.news/AoZA4J85UTMqIcBSwOYJTXQ,https://apple.news/AfpsRTKanTaSaJcygUemRaA,https://apple.news/Af46PLUhNQ5WvaFr2IoTHlw
2019-05-03 14:25:01,https://apple.news/AyAQSojnJSKmv9hq9UF6ALQ,https://apple.news/A6RlDdhV_Q4Wq-6XipMlu5w,https://apple.news/AqPa3e7okRD22woOPZ1N4hA,https://apple.news/AoZA4J85UTMqIcBSwOYJTXQ,https://apple.news/AfpsRTKanTaSaJcygUemRaA,https://apple.news/Af46PLUhNQ5WvaFr2IoTHlw
2019-05-03 14:30:01,https://apple.news/AyAQSojnJSKmv9hq9UF6ALQ,https://apple.news/A6RlDdhV_Q4Wq-6XipMlu5w,https://apple.news/AqPa3e7okRD22woOPZ1N4hA,https://apple.news/AoZA4J85UTMqIcBSwOYJTXQ,https://apple.news/AfpsRTKanTaSaJcygUemRaA,https://apple.news/Af46PLUhNQ5WvaFr2IoTHlw
2019-05-03 14:35:01,https://apple.news/AyAQSojnJSKmv9hq9UF6ALQ,https://apple.news/AqPa3e7okRD22woOPZ1N4hA,https://apple.news/A6RlDdhV_Q4Wq-6XipMlu5w,https://apple.news/AoZA4J85UTMqIcBSwOYJTXQ,https://apple.news/AfpsRTKanTaSaJcygUemRaA,https://apple.news/Af46PLUhNQ5WvaFr2IoTHlw
2019-05-03 14:40:01,https://apple.news/AyAQSojnJSKmv9hq9UF6ALQ,https://apple.news/AqPa3e7okRD22woOPZ1N4hA,https://apple.news/A6RlDdhV_Q4Wq-6XipMlu5w,https://apple.news/AoZA4J85UTMqIcBSwOYJTXQ,https://apple.news/AfpsRTKanTaSaJcygUemRaA,https://apple.news/Af46PLUhNQ5WvaFr2IoTHlw
2019-05-03 14:45:01,https://apple.news/AyAQSojnJSKmv9hq9UF6ALQ,https://apple.news/AqPa3e7okRD22woOPZ1N4hA,https://apple.news/A6RlDdhV_Q4Wq-6XipMlu5w,https://apple.news/AfpsRTKanTaSaJcygUemRaA,https://apple.news/AoZA4J85UTMqIcBSwOYJTXQ,https://apple.news/Af46PLUhNQ5WvaFr2IoTHlw
2019-05-03 14:50:00,https://apple.news/AyAQSojnJSKmv9hq9UF6ALQ,https://apple.news/AqPa3e7okRD22woOPZ1N4hA,https://apple.news/A6RlDdhV_Q4Wq-6XipMlu5w,https://apple.news/AfpsRTKanTaSaJcygUemRaA,https://apple.news/AoZA4J85UTMqIcBSwOYJTXQ,https://apple.news/Af46PLUhNQ5WvaFr2IoTHlw
2019-05-03 14:55:01,https://apple.news/AyAQSojnJSKmv9hq9UF6ALQ,https://apple.news/AqPa3e7okRD22woOPZ1N4hA,https://apple.news/A6RlDdhV_Q4Wq-6XipMlu5w,https://apple.news/AfpsRTKanTaSaJcygUemRaA,https://apple.news/AoZA4J85UTMqIcBSwOYJTXQ,https://apple.news/Af46PLUhNQ5WvaFr2IoTHlw
2019-05-03 15:00:00,https://apple.news/AyAQSojnJSKmv9hq9UF6ALQ,https://apple.news/AqPa3e7okRD22woOPZ1N4hA,https://apple.news/A6RlDdhV_Q4Wq-6XipMlu5w,https://apple.news/AfpsRTKanTaSaJcygUemRaA,https://apple.news/AoZA4J85UTMqIcBSwOYJTXQ,https://apple.news/Af46PLUhNQ5WvaFr2IoTHlw
2019-05-03 15:05:01,https://apple.news/AyAQSojnJSKmv9hq9UF6ALQ,https://apple.news/AqPa3e7okRD22woOPZ1N4hA,https://apple.news/A6RlDdhV_Q4Wq-6XipMlu5w,https://apple.news/AZLR4wFl1SImmOzqYsrgMog,https://apple.news/AoZA4J85UTMqIcBSwOYJTXQ,https://apple.news/Af46PLUhNQ5WvaFr2IoTHlw
2019-05-03 15:10:00,https://apple.news/AyAQSojnJSKmv9hq9UF6ALQ,https://apple.news/AqPa3e7okRD22woOPZ1N4hA,https://apple.news/A6RlDdhV_Q4Wq-6XipMlu5w,https://apple.news/AZLR4wFl1SImmOzqYsrgMog,https://apple.news/AoZA4J85UTMqIcBSwOYJTXQ,https://apple.news/Af46PLUhNQ5WvaFr2IoTHlw
2019-05-03 15:15:00,https://apple.news/AqPa3e7okRD22woOPZ1N4hA,https://apple.news/AZLR4wFl1SImmOzqYsrgMog,https://apple.news/A6RlDdhV_Q4Wq-6XipMlu5w,https://apple.news/AoZA4J85UTMqIcBSwOYJTXQ,https://apple.news/ACVtmRD5HQ0W2gidE9vPUSA,https://apple.news/Af46PLUhNQ5WvaFr2IoTHlw
2019-05-03 15:20:01,https://apple.news/AqPa3e7okRD22woOPZ1N4hA,https://apple.news/AZLR4wFl1SImmOzqYsrgMog,https://apple.news/A6RlDdhV_Q4Wq-6XipMlu5w,https://apple.news/AoZA4J85UTMqIcBSwOYJTXQ,https://apple.news/ACVtmRD5HQ0W2gidE9vPUSA,https://apple.news/Af46PLUhNQ5WvaFr2IoTHlw
2019-05-03 15:25:01,https://apple.news/AqPa3e7okRD22woOPZ1N4hA,https://apple.news/AZLR4wFl1SImmOzqYsrgMog,https://apple.news/A6RlDdhV_Q4Wq-6XipMlu5w,https://apple.news/AoZA4J85UTMqIcBSwOYJTXQ,https://apple.news/ACVtmRD5HQ0W2gidE9vPUSA,https://apple.news/Af46PLUhNQ5WvaFr2IoTHlw
2019-05-03 15:30:00,https://apple.news/AqPa3e7okRD22woOPZ1N4hA,https://apple.news/AZLR4wFl1SImmOzqYsrgMog,https://apple.news/A6RlDdhV_Q4Wq-6XipMlu5w,https://apple.news/ACVtmRD5HQ0W2gidE9vPUSA,https://apple.news/AoZA4J85UTMqIcBSwOYJTXQ,https://apple.news/Af46PLUhNQ5WvaFr2IoTHlw
2019-05-03 15:35:01,https://apple.news/AqPa3e7okRD22woOPZ1N4hA,https://apple.news/AZLR4wFl1SImmOzqYsrgMog,https://apple.news/A6RlDdhV_Q4Wq-6XipMlu5w,https://apple.news/ACVtmRD5HQ0W2gidE9vPUSA,https://apple.news/AoZA4J85UTMqIcBSwOYJTXQ,https://apple.news/Af46PLUhNQ5WvaFr2IoTHlw
2019-05-03 15:40:01,https://apple.news/AqPa3e7okRD22woOPZ1N4hA,https://apple.news/AZLR4wFl1SImmOzqYsrgMog,https://apple.news/A6RlDdhV_Q4Wq-6XipMlu5w,https://apple.news/ACVtmRD5HQ0W2gidE9vPUSA,https://apple.news/AoZA4J85UTMqIcBSwOYJTXQ,https://apple.news/Af46PLUhNQ5WvaFr2IoTHlw
2019-05-03 15:45:01,https://apple.news/AqPa3e7okRD22woOPZ1N4hA,https://apple.news/AZLR4wFl1SImmOzqYsrgMog,https://apple.news/ACVtmRD5HQ0W2gidE9vPUSA,https://apple.news/Af46PLUhNQ5WvaFr2IoTHlw,https://apple.news/A6RlDdhV_Q4Wq-6XipMlu5w,https://apple.news/AoZA4J85UTMqIcBSwOYJTXQ
2019-05-03 15:50:01,https://apple.news/AqPa3e7okRD22woOPZ1N4hA,https://apple.news/AZLR4wFl1SImmOzqYsrgMog,https://apple.news/ACVtmRD5HQ0W2gidE9vPUSA,https://apple.news/Af46PLUhNQ5WvaFr2IoTHlw,https://apple.news/A6RlDdhV_Q4Wq-6XipMlu5w,https://apple.news/AoZA4J85UTMqIcBSwOYJTXQ
2019-05-03 15:55:01,https://apple.news/AqPa3e7okRD22woOPZ1N4hA,https://apple.news/AZLR4wFl1SImmOzqYsrgMog,https://apple.news/ACVtmRD5HQ0W2gidE9vPUSA,https://apple.news/Af46PLUhNQ5WvaFr2IoTHlw,https://apple.news/A6RlDdhV_Q4Wq-6XipMlu5w,https://apple.news/AoZA4J85UTMqIcBSwOYJTXQ
2019-05-03 16:00:01,https://apple.news/AqPa3e7okRD22woOPZ1N4hA,https://apple.news/AZLR4wFl1SImmOzqYsrgMog,https://apple.news/Aj6u6L3w9S767Ar3zZdHvBg,https://apple.news/Af46PLUhNQ5WvaFr2IoTHlw,https://apple.news/A6RlDdhV_Q4Wq-6XipMlu5w,https://apple.news/AoZA4J85UTMqIcBSwOYJTXQ
2019-05-03 16:05:00,https://apple.news/AqPa3e7okRD22woOPZ1N4hA,https://apple.news/AZLR4wFl1SImmOzqYsrgMog,https://apple.news/Aj6u6L3w9S767Ar3zZdHvBg,https://apple.news/Af46PLUhNQ5WvaFr2IoTHlw,https://apple.news/A6RlDdhV_Q4Wq-6XipMlu5w,https://apple.news/AoZA4J85UTMqIcBSwOYJTXQ
2019-05-03 16:10:01,https://apple.news/AqPa3e7okRD22woOPZ1N4hA,https://apple.news/AZLR4wFl1SImmOzqYsrgMog,https://apple.news/Aj6u6L3w9S767Ar3zZdHvBg,https://apple.news/Af46PLUhNQ5WvaFr2IoTHlw,https://apple.news/A6RlDdhV_Q4Wq-6XipMlu5w,https://apple.news/AoZA4J85UTMqIcBSwOYJTXQ
2019-05-03 16:15:00,https://apple.news/Aj6u6L3w9S767Ar3zZdHvBg,https://apple.news/AqPa3e7okRD22woOPZ1N4hA,https://apple.news/AZLR4wFl1SImmOzqYsrgMog,https://apple.news/Af46PLUhNQ5WvaFr2IoTHlw,https://apple.news/A6RlDdhV_Q4Wq-6XipMlu5w,https://apple.news/AUHreiJLgSIyb3Z8cJ3agwQ
2019-05-03 16:20:01,https://apple.news/Aj6u6L3w9S767Ar3zZdHvBg,https://apple.news/AqPa3e7okRD22woOPZ1N4hA,https://apple.news/AZLR4wFl1SImmOzqYsrgMog,https://apple.news/Af46PLUhNQ5WvaFr2IoTHlw,https://apple.news/A6RlDdhV_Q4Wq-6XipMlu5w,https://apple.news/AUHreiJLgSIyb3Z8cJ3agwQ
2019-05-03 16:25:00,https://apple.news/Aj6u6L3w9S767Ar3zZdHvBg,https://apple.news/AqPa3e7okRD22woOPZ1N4hA,https://apple.news/AZLR4wFl1SImmOzqYsrgMog,https://apple.news/Af46PLUhNQ5WvaFr2IoTHlw,https://apple.news/A6RlDdhV_Q4Wq-6XipMlu5w,https://apple.news/AUHreiJLgSIyb3Z8cJ3agwQ
2019-05-03 16:30:01,https://apple.news/Aj6u6L3w9S767Ar3zZdHvBg,https://apple.news/AqPa3e7okRD22woOPZ1N4hA,https://apple.news/AZLR4wFl1SImmOzqYsrgMog,https://apple.news/Af46PLUhNQ5WvaFr2IoTHlw,https://apple.news/A6RlDdhV_Q4Wq-6XipMlu5w,https://apple.news/AUHreiJLgSIyb3Z8cJ3agwQ
2019-05-03 16:35:01,https://apple.news/Aj6u6L3w9S767Ar3zZdHvBg,https://apple.news/AqPa3e7okRD22woOPZ1N4hA,https://apple.news/AZLR4wFl1SImmOzqYsrgMog,https://apple.news/Af46PLUhNQ5WvaFr2IoTHlw,https://apple.news/A6RlDdhV_Q4Wq-6XipMlu5w,https://apple.news/AUHreiJLgSIyb3Z8cJ3agwQ
2019-05-03 16:40:01,https://apple.news/Aj6u6L3w9S767Ar3zZdHvBg,https://apple.news/AqPa3e7okRD22woOPZ1N4hA,https://apple.news/AZLR4wFl1SImmOzqYsrgMog,https://apple.news/Af46PLUhNQ5WvaFr2IoTHlw,https://apple.news/A6RlDdhV_Q4Wq-6XipMlu5w,https://apple.news/AUHreiJLgSIyb3Z8cJ3agwQ
2019-05-03 16:45:00,https://apple.news/Aj6u6L3w9S767Ar3zZdHvBg,https://apple.news/AqPa3e7okRD22woOPZ1N4hA,https://apple.news/AZLR4wFl1SImmOzqYsrgMog,https://apple.news/Af46PLUhNQ5WvaFr2IoTHlw,https://apple.news/AUHreiJLgSIyb3Z8cJ3agwQ,https://apple.news/AHBGa2isCSha4cRtT2KevFA
2019-05-03 16:50:01,https://apple.news/Aj6u6L3w9S767Ar3zZdHvBg,https://apple.news/AqPa3e7okRD22woOPZ1N4hA,https://apple.news/AZLR4wFl1SImmOzqYsrgMog,https://apple.news/Af46PLUhNQ5WvaFr2IoTHlw,https://apple.news/AUHreiJLgSIyb3Z8cJ3agwQ,https://apple.news/AHBGa2isCSha4cRtT2KevFA
2019-05-03 16:55:00,https://apple.news/Aj6u6L3w9S767Ar3zZdHvBg,https://apple.news/AqPa3e7okRD22woOPZ1N4hA,https://apple.news/AZLR4wFl1SImmOzqYsrgMog,https://apple.news/Af46PLUhNQ5WvaFr2IoTHlw,https://apple.news/AUHreiJLgSIyb3Z8cJ3agwQ,https://apple.news/AHBGa2isCSha4cRtT2KevFA
2019-05-03 17:00:00,https://apple.news/Aj6u6L3w9S767Ar3zZdHvBg,https://apple.news/AqPa3e7okRD22woOPZ1N4hA,https://apple.news/AZLR4wFl1SImmOzqYsrgMog,https://apple.news/Af46PLUhNQ5WvaFr2IoTHlw,https://apple.news/AUHreiJLgSIyb3Z8cJ3agwQ,https://apple.news/A4MXuMwLiQ_qp17Y0Dezjpg
2019-05-03 17:05:01,https://apple.news/Aj6u6L3w9S767Ar3zZdHvBg,https://apple.news/AqPa3e7okRD22woOPZ1N4hA,https://apple.news/AZLR4wFl1SImmOzqYsrgMog,https://apple.news/Af46PLUhNQ5WvaFr2IoTHlw,https://apple.news/AUHreiJLgSIyb3Z8cJ3agwQ,https://apple.news/A4MXuMwLiQ_qp17Y0Dezjpg
2019-05-03 17:10:01,https://apple.news/Aj6u6L3w9S767Ar3zZdHvBg,https://apple.news/AqPa3e7okRD22woOPZ1N4hA,https://apple.news/AZLR4wFl1SImmOzqYsrgMog,https://apple.news/Af46PLUhNQ5WvaFr2IoTHlw,https://apple.news/AUHreiJLgSIyb3Z8cJ3agwQ,https://apple.news/A4MXuMwLiQ_qp17Y0Dezjpg
2019-05-03 17:15:01,https://apple.news/Aj6u6L3w9S767Ar3zZdHvBg,https://apple.news/AZLR4wFl1SImmOzqYsrgMog,https://apple.news/AqPa3e7okRD22woOPZ1N4hA,https://apple.news/Af46PLUhNQ5WvaFr2IoTHlw,https://apple.news/AUHreiJLgSIyb3Z8cJ3agwQ,https://apple.news/A4MXuMwLiQ_qp17Y0Dezjpg
2019-05-03 17:20:00,https://apple.news/Aj6u6L3w9S767Ar3zZdHvBg,https://apple.news/AZLR4wFl1SImmOzqYsrgMog,https://apple.news/AqPa3e7okRD22woOPZ1N4hA,https://apple.news/Af46PLUhNQ5WvaFr2IoTHlw,https://apple.news/AUHreiJLgSIyb3Z8cJ3agwQ,https://apple.news/A4MXuMwLiQ_qp17Y0Dezjpg
2019-05-03 17:25:00,https://apple.news/Aj6u6L3w9S767Ar3zZdHvBg,https://apple.news/AZLR4wFl1SImmOzqYsrgMog,https://apple.news/AqPa3e7okRD22woOPZ1N4hA,https://apple.news/Af46PLUhNQ5WvaFr2IoTHlw,https://apple.news/AUHreiJLgSIyb3Z8cJ3agwQ,https://apple.news/A4MXuMwLiQ_qp17Y0Dezjpg
2019-05-03 17:30:00,https://apple.news/Aj6u6L3w9S767Ar3zZdHvBg,https://apple.news/AZLR4wFl1SImmOzqYsrgMog,https://apple.news/AqPa3e7okRD22woOPZ1N4hA,https://apple.news/A4MXuMwLiQ_qp17Y0Dezjpg,https://apple.news/AUHreiJLgSIyb3Z8cJ3agwQ,https://apple.news/Af46PLUhNQ5WvaFr2IoTHlw
2019-05-03 17:35:00,https://apple.news/Aj6u6L3w9S767Ar3zZdHvBg,https://apple.news/AZLR4wFl1SImmOzqYsrgMog,https://apple.news/AqPa3e7okRD22woOPZ1N4hA,https://apple.news/A4MXuMwLiQ_qp17Y0Dezjpg,https://apple.news/AUHreiJLgSIyb3Z8cJ3agwQ,https://apple.news/Af46PLUhNQ5WvaFr2IoTHlw
2019-05-03 17:40:01,https://apple.news/Aj6u6L3w9S767Ar3zZdHvBg,https://apple.news/AZLR4wFl1SImmOzqYsrgMog,https://apple.news/AqPa3e7okRD22woOPZ1N4hA,https://apple.news/A4MXuMwLiQ_qp17Y0Dezjpg,https://apple.news/AUHreiJLgSIyb3Z8cJ3agwQ,https://apple.news/Af46PLUhNQ5WvaFr2IoTHlw
2019-05-03 17:45:01,https://apple.news/Aj6u6L3w9S767Ar3zZdHvBg,https://apple.news/AZLR4wFl1SImmOzqYsrgMog,https://apple.news/AqPa3e7okRD22woOPZ1N4hA,https://apple.news/A4MXuMwLiQ_qp17Y0Dezjpg,https://apple.news/AUHreiJLgSIyb3Z8cJ3agwQ,https://apple.news/Af46PLUhNQ5WvaFr2IoTHlw
2019-05-03 17:50:00,https://apple.news/Aj6u6L3w9S767Ar3zZdHvBg,https://apple.news/AZLR4wFl1SImmOzqYsrgMog,https://apple.news/AqPa3e7okRD22woOPZ1N4hA,https://apple.news/A4MXuMwLiQ_qp17Y0Dezjpg,https://apple.news/AUHreiJLgSIyb3Z8cJ3agwQ,https://apple.news/Af46PLUhNQ5WvaFr2IoTHlw
2019-05-03 17:55:01,https://apple.news/Aj6u6L3w9S767Ar3zZdHvBg,https://apple.news/AZLR4wFl1SImmOzqYsrgMog,https://apple.news/AqPa3e7okRD22woOPZ1N4hA,https://apple.news/A4MXuMwLiQ_qp17Y0Dezjpg,https://apple.news/AUHreiJLgSIyb3Z8cJ3agwQ,https://apple.news/Af46PLUhNQ5WvaFr2IoTHlw
2019-05-03 18:00:01,https://apple.news/Aj6u6L3w9S767Ar3zZdHvBg,https://apple.news/AZLR4wFl1SImmOzqYsrgMog,https://apple.news/AqPa3e7okRD22woOPZ1N4hA,https://apple.news/A4MXuMwLiQ_qp17Y0Dezjpg,https://apple.news/AUHreiJLgSIyb3Z8cJ3agwQ,https://apple.news/Af46PLUhNQ5WvaFr2IoTHlw
2019-05-03 18:05:00,https://apple.news/Aj6u6L3w9S767Ar3zZdHvBg,https://apple.news/AZLR4wFl1SImmOzqYsrgMog,https://apple.news/AqPa3e7okRD22woOPZ1N4hA,https://apple.news/A4MXuMwLiQ_qp17Y0Dezjpg,https://apple.news/AUHreiJLgSIyb3Z8cJ3agwQ,https://apple.news/AdyviUf17SKGFq3GX-pC4bA
2019-05-03 18:10:00,https://apple.news/Aj6u6L3w9S767Ar3zZdHvBg,https://apple.news/AZLR4wFl1SImmOzqYsrgMog,https://apple.news/AqPa3e7okRD22woOPZ1N4hA,https://apple.news/A4MXuMwLiQ_qp17Y0Dezjpg,https://apple.news/AUHreiJLgSIyb3Z8cJ3agwQ,https://apple.news/AdyviUf17SKGFq3GX-pC4bA
2019-05-03 18:15:00,https://apple.news/Aj6u6L3w9S767Ar3zZdHvBg,https://apple.news/AZLR4wFl1SImmOzqYsrgMog,https://apple.news/A4MXuMwLiQ_qp17Y0Dezjpg,https://apple.news/AdyviUf17SKGFq3GX-pC4bA,https://apple.news/AUHreiJLgSIyb3Z8cJ3agwQ,https://apple.news/AqPa3e7okRD22woOPZ1N4hA
2019-05-03 18:20:00,https://apple.news/Aj6u6L3w9S767Ar3zZdHvBg,https://apple.news/AZLR4wFl1SImmOzqYsrgMog,https://apple.news/A4MXuMwLiQ_qp17Y0Dezjpg,https://apple.news/AdyviUf17SKGFq3GX-pC4bA,https://apple.news/AUHreiJLgSIyb3Z8cJ3agwQ,https://apple.news/AqPa3e7okRD22woOPZ1N4hA
2019-05-03 18:25:00,https://apple.news/Aj6u6L3w9S767Ar3zZdHvBg,https://apple.news/AZLR4wFl1SImmOzqYsrgMog,https://apple.news/A4MXuMwLiQ_qp17Y0Dezjpg,https://apple.news/AdyviUf17SKGFq3GX-pC4bA,https://apple.news/AUHreiJLgSIyb3Z8cJ3agwQ,https://apple.news/AqPa3e7okRD22woOPZ1N4hA
2019-05-03 18:30:00,https://apple.news/Aj6u6L3w9S767Ar3zZdHvBg,https://apple.news/AZLR4wFl1SImmOzqYsrgMog,https://apple.news/A4MXuMwLiQ_qp17Y0Dezjpg,https://apple.news/AdyviUf17SKGFq3GX-pC4bA,https://apple.news/AUHreiJLgSIyb3Z8cJ3agwQ,https://apple.news/AqPa3e7okRD22woOPZ1N4hA
2019-05-03 18:35:00,https://apple.news/Aj6u6L3w9S767Ar3zZdHvBg,https://apple.news/AZLR4wFl1SImmOzqYsrgMog,https://apple.news/A4MXuMwLiQ_qp17Y0Dezjpg,https://apple.news/AdyviUf17SKGFq3GX-pC4bA,https://apple.news/AUHreiJLgSIyb3Z8cJ3agwQ,https://apple.news/AqPa3e7okRD22woOPZ1N4hA
2019-05-03 18:40:01,https://apple.news/Aj6u6L3w9S767Ar3zZdHvBg,https://apple.news/AZLR4wFl1SImmOzqYsrgMog,https://apple.news/A4MXuMwLiQ_qp17Y0Dezjpg,https://apple.news/AdyviUf17SKGFq3GX-pC4bA,https://apple.news/AUHreiJLgSIyb3Z8cJ3agwQ,https://apple.news/AqPa3e7okRD22woOPZ1N4hA
2019-05-03 18:45:01,https://apple.news/Aj6u6L3w9S767Ar3zZdHvBg,https://apple.news/AZLR4wFl1SImmOzqYsrgMog,https://apple.news/A4MXuMwLiQ_qp17Y0Dezjpg,https://apple.news/AdyviUf17SKGFq3GX-pC4bA,https://apple.news/AUHreiJLgSIyb3Z8cJ3agwQ,https://apple.news/AqPa3e7okRD22woOPZ1N4hA
2019-05-03 18:50:01,https://apple.news/Aj6u6L3w9S767Ar3zZdHvBg,https://apple.news/A9z-M26aLRlqnGAPkSwoeRg,https://apple.news/A4MXuMwLiQ_qp17Y0Dezjpg,https://apple.news/AdyviUf17SKGFq3GX-pC4bA,https://apple.news/AUHreiJLgSIyb3Z8cJ3agwQ,https://apple.news/AqPa3e7okRD22woOPZ1N4hA
2019-05-03 18:55:00,https://apple.news/Aj6u6L3w9S767Ar3zZdHvBg,https://apple.news/A9z-M26aLRlqnGAPkSwoeRg,https://apple.news/A4MXuMwLiQ_qp17Y0Dezjpg,https://apple.news/AdyviUf17SKGFq3GX-pC4bA,https://apple.news/AUHreiJLgSIyb3Z8cJ3agwQ,https://apple.news/AqPa3e7okRD22woOPZ1N4hA
2019-05-03 19:00:00,https://apple.news/Aj6u6L3w9S767Ar3zZdHvBg,https://apple.news/A4MXuMwLiQ_qp17Y0Dezjpg,https://apple.news/A9z-M26aLRlqnGAPkSwoeRg,https://apple.news/AdyviUf17SKGFq3GX-pC4bA,https://apple.news/AUHreiJLgSIyb3Z8cJ3agwQ,https://apple.news/AqPa3e7okRD22woOPZ1N4hA
2019-05-03 19:05:00,https://apple.news/Aj6u6L3w9S767Ar3zZdHvBg,https://apple.news/A4MXuMwLiQ_qp17Y0Dezjpg,https://apple.news/A9z-M26aLRlqnGAPkSwoeRg,https://apple.news/AdyviUf17SKGFq3GX-pC4bA,https://apple.news/AUHreiJLgSIyb3Z8cJ3agwQ,https://apple.news/AqPa3e7okRD22woOPZ1N4hA
2019-05-03 19:15:02,https://apple.news/Aj6u6L3w9S767Ar3zZdHvBg,https://apple.news/A4MXuMwLiQ_qp17Y0Dezjpg,https://apple.news/A9z-M26aLRlqnGAPkSwoeRg,https://apple.news/AdyviUf17SKGFq3GX-pC4bA,https://apple.news/AUHreiJLgSIyb3Z8cJ3agwQ,https://apple.news/A25SQ_yTZRoak2AV63fnMdg
2019-05-03 19:20:01,https://apple.news/Aj6u6L3w9S767Ar3zZdHvBg,https://apple.news/A4MXuMwLiQ_qp17Y0Dezjpg,https://apple.news/A9z-M26aLRlqnGAPkSwoeRg,https://apple.news/AdyviUf17SKGFq3GX-pC4bA,https://apple.news/AUHreiJLgSIyb3Z8cJ3agwQ,https://apple.news/A25SQ_yTZRoak2AV63fnMdg
2019-05-03 19:25:01,https://apple.news/Aj6u6L3w9S767Ar3zZdHvBg,https://apple.news/A4MXuMwLiQ_qp17Y0Dezjpg,https://apple.news/A9z-M26aLRlqnGAPkSwoeRg,https://apple.news/AdyviUf17SKGFq3GX-pC4bA,https://apple.news/AUHreiJLgSIyb3Z8cJ3agwQ,https://apple.news/A25SQ_yTZRoak2AV63fnMdg
2019-05-03 19:30:01,https://apple.news/Aj6u6L3w9S767Ar3zZdHvBg,https://apple.news/A4MXuMwLiQ_qp17Y0Dezjpg,https://apple.news/AdyviUf17SKGFq3GX-pC4bA,https://apple.news/AZLR4wFl1SImmOzqYsrgMog,https://apple.news/A25SQ_yTZRoak2AV63fnMdg,https://apple.news/AUHreiJLgSIyb3Z8cJ3agwQ
2019-05-03 19:35:01,https://apple.news/Aj6u6L3w9S767Ar3zZdHvBg,https://apple.news/A4MXuMwLiQ_qp17Y0Dezjpg,https://apple.news/AdyviUf17SKGFq3GX-pC4bA,https://apple.news/AZLR4wFl1SImmOzqYsrgMog,https://apple.news/A25SQ_yTZRoak2AV63fnMdg,https://apple.news/AUHreiJLgSIyb3Z8cJ3agwQ
2019-05-03 19:40:00,https://apple.news/Aj6u6L3w9S767Ar3zZdHvBg,https://apple.news/A4MXuMwLiQ_qp17Y0Dezjpg,https://apple.news/AdyviUf17SKGFq3GX-pC4bA,https://apple.news/AZLR4wFl1SImmOzqYsrgMog,https://apple.news/A25SQ_yTZRoak2AV63fnMdg,https://apple.news/AUHreiJLgSIyb3Z8cJ3agwQ
2019-05-03 19:45:01,https://apple.news/A4MXuMwLiQ_qp17Y0Dezjpg,https://apple.news/Aj6u6L3w9S767Ar3zZdHvBg,https://apple.news/AdyviUf17SKGFq3GX-pC4bA,https://apple.news/AfVJnOCRzSfSV864UDDsh1g,https://apple.news/A25SQ_yTZRoak2AV63fnMdg,https://apple.news/AUHreiJLgSIyb3Z8cJ3agwQ
2019-05-03 19:50:00,https://apple.news/A4MXuMwLiQ_qp17Y0Dezjpg,https://apple.news/Aj6u6L3w9S767Ar3zZdHvBg,https://apple.news/AdyviUf17SKGFq3GX-pC4bA,https://apple.news/AfVJnOCRzSfSV864UDDsh1g,https://apple.news/A25SQ_yTZRoak2AV63fnMdg,https://apple.news/AUHreiJLgSIyb3Z8cJ3agwQ
2019-05-03 19:55:01,https://apple.news/A4MXuMwLiQ_qp17Y0Dezjpg,https://apple.news/Aj6u6L3w9S767Ar3zZdHvBg,https://apple.news/AdyviUf17SKGFq3GX-pC4bA,https://apple.news/AfVJnOCRzSfSV864UDDsh1g,https://apple.news/A25SQ_yTZRoak2AV63fnMdg,https://apple.news/AUHreiJLgSIyb3Z8cJ3agwQ
2019-05-03 20:00:01,https://apple.news/A4MXuMwLiQ_qp17Y0Dezjpg,https://apple.news/Aj6u6L3w9S767Ar3zZdHvBg,https://apple.news/AdyviUf17SKGFq3GX-pC4bA,https://apple.news/AKh_8mKVoTziq1cENsWcVRA,https://apple.news/A25SQ_yTZRoak2AV63fnMdg,https://apple.news/AiQopdY_TQgeYTnnU41NZTw
2019-05-03 20:05:00,https://apple.news/A4MXuMwLiQ_qp17Y0Dezjpg,https://apple.news/Aj6u6L3w9S767Ar3zZdHvBg,https://apple.news/AdyviUf17SKGFq3GX-pC4bA,https://apple.news/AKh_8mKVoTziq1cENsWcVRA,https://apple.news/A25SQ_yTZRoak2AV63fnMdg,https://apple.news/AiQopdY_TQgeYTnnU41NZTw
2019-05-03 20:10:00,https://apple.news/A4MXuMwLiQ_qp17Y0Dezjpg,https://apple.news/Aj6u6L3w9S767Ar3zZdHvBg,https://apple.news/AdyviUf17SKGFq3GX-pC4bA,https://apple.news/AKh_8mKVoTziq1cENsWcVRA,https://apple.news/A25SQ_yTZRoak2AV63fnMdg,https://apple.news/AiQopdY_TQgeYTnnU41NZTw
2019-05-03 20:15:01,https://apple.news/Aj6u6L3w9S767Ar3zZdHvBg,https://apple.news/A4MXuMwLiQ_qp17Y0Dezjpg,https://apple.news/AKh_8mKVoTziq1cENsWcVRA,https://apple.news/AdyviUf17SKGFq3GX-pC4bA,https://apple.news/A25SQ_yTZRoak2AV63fnMdg,https://apple.news/AiQopdY_TQgeYTnnU41NZTw
2019-05-03 20:20:01,https://apple.news/Aj6u6L3w9S767Ar3zZdHvBg,https://apple.news/A4MXuMwLiQ_qp17Y0Dezjpg,https://apple.news/AKh_8mKVoTziq1cENsWcVRA,https://apple.news/AdyviUf17SKGFq3GX-pC4bA,https://apple.news/A25SQ_yTZRoak2AV63fnMdg,https://apple.news/AiQopdY_TQgeYTnnU41NZTw
2019-05-03 20:25:00,https://apple.news/Aj6u6L3w9S767Ar3zZdHvBg,https://apple.news/A4MXuMwLiQ_qp17Y0Dezjpg,https://apple.news/AKh_8mKVoTziq1cENsWcVRA,https://apple.news/AdyviUf17SKGFq3GX-pC4bA,https://apple.news/A25SQ_yTZRoak2AV63fnMdg,https://apple.news/AiQopdY_TQgeYTnnU41NZTw
2019-05-03 20:30:01,https://apple.news/AKh_8mKVoTziq1cENsWcVRA,https://apple.news/Aj6u6L3w9S767Ar3zZdHvBg,https://apple.news/A4MXuMwLiQ_qp17Y0Dezjpg,https://apple.news/AdyviUf17SKGFq3GX-pC4bA,https://apple.news/A25SQ_yTZRoak2AV63fnMdg,https://apple.news/AiQopdY_TQgeYTnnU41NZTw
2019-05-03 20:35:01,https://apple.news/AKh_8mKVoTziq1cENsWcVRA,https://apple.news/Aj6u6L3w9S767Ar3zZdHvBg,https://apple.news/A4MXuMwLiQ_qp17Y0Dezjpg,https://apple.news/AdyviUf17SKGFq3GX-pC4bA,https://apple.news/A25SQ_yTZRoak2AV63fnMdg,https://apple.news/AiQopdY_TQgeYTnnU41NZTw
2019-05-03 20:40:00,https://apple.news/AKh_8mKVoTziq1cENsWcVRA,https://apple.news/Aj6u6L3w9S767Ar3zZdHvBg,https://apple.news/A4MXuMwLiQ_qp17Y0Dezjpg,https://apple.news/AdyviUf17SKGFq3GX-pC4bA,https://apple.news/A25SQ_yTZRoak2AV63fnMdg,https://apple.news/AiQopdY_TQgeYTnnU41NZTw
2019-05-03 20:45:01,https://apple.news/AKh_8mKVoTziq1cENsWcVRA,https://apple.news/A4MXuMwLiQ_qp17Y0Dezjpg,https://apple.news/A25SQ_yTZRoak2AV63fnMdg,https://apple.news/AdyviUf17SKGFq3GX-pC4bA,https://apple.news/Ayyim6Wt-T0KDGf7wbuOuMw,https://apple.news/A2WdzivYeQM-sFaC4oyq0pg
2019-05-03 20:50:01,https://apple.news/AKh_8mKVoTziq1cENsWcVRA,https://apple.news/A4MXuMwLiQ_qp17Y0Dezjpg,https://apple.news/A25SQ_yTZRoak2AV63fnMdg,https://apple.news/AdyviUf17SKGFq3GX-pC4bA,https://apple.news/Ayyim6Wt-T0KDGf7wbuOuMw,https://apple.news/A2WdzivYeQM-sFaC4oyq0pg
2019-05-03 20:55:00,https://apple.news/AKh_8mKVoTziq1cENsWcVRA,https://apple.news/A4MXuMwLiQ_qp17Y0Dezjpg,https://apple.news/A25SQ_yTZRoak2AV63fnMdg,https://apple.news/AdyviUf17SKGFq3GX-pC4bA,https://apple.news/Ayyim6Wt-T0KDGf7wbuOuMw,https://apple.news/A2WdzivYeQM-sFaC4oyq0pg
2019-05-03 21:00:00,https://apple.news/AKh_8mKVoTziq1cENsWcVRA,https://apple.news/A4MXuMwLiQ_qp17Y0Dezjpg,https://apple.news/A25SQ_yTZRoak2AV63fnMdg,https://apple.news/AdyviUf17SKGFq3GX-pC4bA,https://apple.news/Ayyim6Wt-T0KDGf7wbuOuMw,https://apple.news/A2WdzivYeQM-sFaC4oyq0pg
2019-05-03 21:05:01,https://apple.news/AKh_8mKVoTziq1cENsWcVRA,https://apple.news/A4MXuMwLiQ_qp17Y0Dezjpg,https://apple.news/A25SQ_yTZRoak2AV63fnMdg,https://apple.news/AdyviUf17SKGFq3GX-pC4bA,https://apple.news/Ayyim6Wt-T0KDGf7wbuOuMw,https://apple.news/A2WdzivYeQM-sFaC4oyq0pg
2019-05-03 21:10:00,https://apple.news/AKh_8mKVoTziq1cENsWcVRA,https://apple.news/A4MXuMwLiQ_qp17Y0Dezjpg,https://apple.news/A25SQ_yTZRoak2AV63fnMdg,https://apple.news/AdyviUf17SKGFq3GX-pC4bA,https://apple.news/Ayyim6Wt-T0KDGf7wbuOuMw,https://apple.news/A2WdzivYeQM-sFaC4oyq0pg
2019-05-03 21:15:01,https://apple.news/AKh_8mKVoTziq1cENsWcVRA,https://apple.news/A25SQ_yTZRoak2AV63fnMdg,https://apple.news/A4MXuMwLiQ_qp17Y0Dezjpg,https://apple.news/AdyviUf17SKGFq3GX-pC4bA,https://apple.news/Ayyim6Wt-T0KDGf7wbuOuMw,https://apple.news/A2WdzivYeQM-sFaC4oyq0pg
2019-05-03 21:20:01,https://apple.news/AKh_8mKVoTziq1cENsWcVRA,https://apple.news/A25SQ_yTZRoak2AV63fnMdg,https://apple.news/A4MXuMwLiQ_qp17Y0Dezjpg,https://apple.news/AdyviUf17SKGFq3GX-pC4bA,https://apple.news/Ayyim6Wt-T0KDGf7wbuOuMw,https://apple.news/A2WdzivYeQM-sFaC4oyq0pg
2019-05-03 21:25:00,https://apple.news/AKh_8mKVoTziq1cENsWcVRA,https://apple.news/A25SQ_yTZRoak2AV63fnMdg,https://apple.news/A4MXuMwLiQ_qp17Y0Dezjpg,https://apple.news/AdyviUf17SKGFq3GX-pC4bA,https://apple.news/Ayyim6Wt-T0KDGf7wbuOuMw,https://apple.news/A2WdzivYeQM-sFaC4oyq0pg
2019-05-03 21:30:01,https://apple.news/AKh_8mKVoTziq1cENsWcVRA,https://apple.news/A25SQ_yTZRoak2AV63fnMdg,https://apple.news/A4MXuMwLiQ_qp17Y0Dezjpg,https://apple.news/AdyviUf17SKGFq3GX-pC4bA,https://apple.news/Ayyim6Wt-T0KDGf7wbuOuMw,https://apple.news/A2WdzivYeQM-sFaC4oyq0pg
2019-05-03 21:35:01,https://apple.news/AKh_8mKVoTziq1cENsWcVRA,https://apple.news/A25SQ_yTZRoak2AV63fnMdg,https://apple.news/A4MXuMwLiQ_qp17Y0Dezjpg,https://apple.news/AdyviUf17SKGFq3GX-pC4bA,https://apple.news/Ayyim6Wt-T0KDGf7wbuOuMw,https://apple.news/A2WdzivYeQM-sFaC4oyq0pg
2019-05-03 21:40:00,https://apple.news/AKh_8mKVoTziq1cENsWcVRA,https://apple.news/A25SQ_yTZRoak2AV63fnMdg,https://apple.news/A4MXuMwLiQ_qp17Y0Dezjpg,https://apple.news/AdyviUf17SKGFq3GX-pC4bA,https://apple.news/Ayyim6Wt-T0KDGf7wbuOuMw,https://apple.news/A2WdzivYeQM-sFaC4oyq0pg
2019-05-03 21:45:00,https://apple.news/AKh_8mKVoTziq1cENsWcVRA,https://apple.news/A25SQ_yTZRoak2AV63fnMdg,https://apple.news/A4MXuMwLiQ_qp17Y0Dezjpg,https://apple.news/AdyviUf17SKGFq3GX-pC4bA,https://apple.news/A2WdzivYeQM-sFaC4oyq0pg,https://apple.news/Ayyim6Wt-T0KDGf7wbuOuMw
2019-05-03 21:50:00,https://apple.news/AKh_8mKVoTziq1cENsWcVRA,https://apple.news/A25SQ_yTZRoak2AV63fnMdg,https://apple.news/A4MXuMwLiQ_qp17Y0Dezjpg,https://apple.news/AdyviUf17SKGFq3GX-pC4bA,https://apple.news/A2WdzivYeQM-sFaC4oyq0pg,https://apple.news/Ayyim6Wt-T0KDGf7wbuOuMw
2019-05-03 21:55:01,https://apple.news/AKh_8mKVoTziq1cENsWcVRA,https://apple.news/A25SQ_yTZRoak2AV63fnMdg,https://apple.news/A4MXuMwLiQ_qp17Y0Dezjpg,https://apple.news/AdyviUf17SKGFq3GX-pC4bA,https://apple.news/A2WdzivYeQM-sFaC4oyq0pg,https://apple.news/Ayyim6Wt-T0KDGf7wbuOuMw
2019-05-03 22:00:01,https://apple.news/AKh_8mKVoTziq1cENsWcVRA,https://apple.news/A25SQ_yTZRoak2AV63fnMdg,https://apple.news/A4MXuMwLiQ_qp17Y0Dezjpg,https://apple.news/AdyviUf17SKGFq3GX-pC4bA,https://apple.news/A2WdzivYeQM-sFaC4oyq0pg,https://apple.news/Ayyim6Wt-T0KDGf7wbuOuMw
2019-05-03 22:05:01,https://apple.news/AKh_8mKVoTziq1cENsWcVRA,https://apple.news/A25SQ_yTZRoak2AV63fnMdg,https://apple.news/A4MXuMwLiQ_qp17Y0Dezjpg,https://apple.news/A2WdzivYeQM-sFaC4oyq0pg,https://apple.news/Ayyim6Wt-T0KDGf7wbuOuMw,https://apple.news/AjWYCKBEySJaEcpR0VPYhbg
2019-05-03 22:10:00,https://apple.news/AKh_8mKVoTziq1cENsWcVRA,https://apple.news/A25SQ_yTZRoak2AV63fnMdg,https://apple.news/A4MXuMwLiQ_qp17Y0Dezjpg,https://apple.news/A2WdzivYeQM-sFaC4oyq0pg,https://apple.news/Ayyim6Wt-T0KDGf7wbuOuMw,https://apple.news/AjWYCKBEySJaEcpR0VPYhbg
2019-05-03 22:15:00,https://apple.news/AKh_8mKVoTziq1cENsWcVRA,https://apple.news/A25SQ_yTZRoak2AV63fnMdg,https://apple.news/A2WdzivYeQM-sFaC4oyq0pg,https://apple.news/Ayyim6Wt-T0KDGf7wbuOuMw,https://apple.news/A4MXuMwLiQ_qp17Y0Dezjpg,https://apple.news/AjWYCKBEySJaEcpR0VPYhbg
2019-05-03 22:20:01,https://apple.news/AKh_8mKVoTziq1cENsWcVRA,https://apple.news/A25SQ_yTZRoak2AV63fnMdg,https://apple.news/A2WdzivYeQM-sFaC4oyq0pg,https://apple.news/Ayyim6Wt-T0KDGf7wbuOuMw,https://apple.news/A4MXuMwLiQ_qp17Y0Dezjpg,https://apple.news/AjWYCKBEySJaEcpR0VPYhbg
2019-05-03 22:25:00,https://apple.news/AKh_8mKVoTziq1cENsWcVRA,https://apple.news/A25SQ_yTZRoak2AV63fnMdg,https://apple.news/A2WdzivYeQM-sFaC4oyq0pg,https://apple.news/Ayyim6Wt-T0KDGf7wbuOuMw,https://apple.news/A4MXuMwLiQ_qp17Y0Dezjpg,https://apple.news/AjWYCKBEySJaEcpR0VPYhbg
2019-05-03 22:30:01,https://apple.news/AKh_8mKVoTziq1cENsWcVRA,https://apple.news/A25SQ_yTZRoak2AV63fnMdg,https://apple.news/A2WdzivYeQM-sFaC4oyq0pg,https://apple.news/Ayyim6Wt-T0KDGf7wbuOuMw,https://apple.news/A4MXuMwLiQ_qp17Y0Dezjpg,https://apple.news/AjWYCKBEySJaEcpR0VPYhbg
2019-05-03 22:35:01,https://apple.news/AKh_8mKVoTziq1cENsWcVRA,https://apple.news/A25SQ_yTZRoak2AV63fnMdg,https://apple.news/A2WdzivYeQM-sFaC4oyq0pg,https://apple.news/Ayyim6Wt-T0KDGf7wbuOuMw,https://apple.news/A4MXuMwLiQ_qp17Y0Dezjpg,https://apple.news/AjWYCKBEySJaEcpR0VPYhbg
2019-05-03 22:40:00,https://apple.news/AKh_8mKVoTziq1cENsWcVRA,https://apple.news/A25SQ_yTZRoak2AV63fnMdg,https://apple.news/A2WdzivYeQM-sFaC4oyq0pg,https://apple.news/Ayyim6Wt-T0KDGf7wbuOuMw,https://apple.news/A4MXuMwLiQ_qp17Y0Dezjpg,https://apple.news/AjWYCKBEySJaEcpR0VPYhbg
2019-05-03 22:45:00,https://apple.news/AKh_8mKVoTziq1cENsWcVRA,https://apple.news/A25SQ_yTZRoak2AV63fnMdg,https://apple.news/A2WdzivYeQM-sFaC4oyq0pg,https://apple.news/Ayyim6Wt-T0KDGf7wbuOuMw,https://apple.news/A4MXuMwLiQ_qp17Y0Dezjpg,https://apple.news/AM9h8tlR4Q7SbWJ-D_RE0ZA
2019-05-03 22:50:00,https://apple.news/AKh_8mKVoTziq1cENsWcVRA,https://apple.news/A25SQ_yTZRoak2AV63fnMdg,https://apple.news/A2WdzivYeQM-sFaC4oyq0pg,https://apple.news/Ayyim6Wt-T0KDGf7wbuOuMw,https://apple.news/A4MXuMwLiQ_qp17Y0Dezjpg,https://apple.news/AM9h8tlR4Q7SbWJ-D_RE0ZA
2019-05-03 22:55:00,https://apple.news/AKh_8mKVoTziq1cENsWcVRA,https://apple.news/A25SQ_yTZRoak2AV63fnMdg,https://apple.news/A2WdzivYeQM-sFaC4oyq0pg,https://apple.news/Ayyim6Wt-T0KDGf7wbuOuMw,https://apple.news/A4MXuMwLiQ_qp17Y0Dezjpg,https://apple.news/AM9h8tlR4Q7SbWJ-D_RE0ZA
2019-05-03 23:00:00,https://apple.news/AKh_8mKVoTziq1cENsWcVRA,https://apple.news/A25SQ_yTZRoak2AV63fnMdg,https://apple.news/A2WdzivYeQM-sFaC4oyq0pg,https://apple.news/Ayyim6Wt-T0KDGf7wbuOuMw,https://apple.news/A4MXuMwLiQ_qp17Y0Dezjpg,https://apple.news/AM9h8tlR4Q7SbWJ-D_RE0ZA
2019-05-03 23:05:01,https://apple.news/AKh_8mKVoTziq1cENsWcVRA,https://apple.news/A25SQ_yTZRoak2AV63fnMdg,https://apple.news/A2WdzivYeQM-sFaC4oyq0pg,https://apple.news/A4MXuMwLiQ_qp17Y0Dezjpg,https://apple.news/AM9h8tlR4Q7SbWJ-D_RE0ZA,https://apple.news/Ayyim6Wt-T0KDGf7wbuOuMw
2019-05-03 23:10:00,https://apple.news/AKh_8mKVoTziq1cENsWcVRA,https://apple.news/A25SQ_yTZRoak2AV63fnMdg,https://apple.news/A2WdzivYeQM-sFaC4oyq0pg,https://apple.news/A4MXuMwLiQ_qp17Y0Dezjpg,https://apple.news/AM9h8tlR4Q7SbWJ-D_RE0ZA,https://apple.news/Ayyim6Wt-T0KDGf7wbuOuMw
2019-05-03 23:15:01,https://apple.news/AKh_8mKVoTziq1cENsWcVRA,https://apple.news/A25SQ_yTZRoak2AV63fnMdg,https://apple.news/A2WdzivYeQM-sFaC4oyq0pg,https://apple.news/AM9h8tlR4Q7SbWJ-D_RE0ZA,https://apple.news/AyCa6m-04RGelO-_cy4fkQg,https://apple.news/Ayyim6Wt-T0KDGf7wbuOuMw
2019-05-03 23:20:01,https://apple.news/AKh_8mKVoTziq1cENsWcVRA,https://apple.news/A25SQ_yTZRoak2AV63fnMdg,https://apple.news/A2WdzivYeQM-sFaC4oyq0pg,https://apple.news/AM9h8tlR4Q7SbWJ-D_RE0ZA,https://apple.news/AyCa6m-04RGelO-_cy4fkQg,https://apple.news/Ayyim6Wt-T0KDGf7wbuOuMw
2019-05-03 23:25:01,https://apple.news/AKh_8mKVoTziq1cENsWcVRA,https://apple.news/A25SQ_yTZRoak2AV63fnMdg,https://apple.news/A2WdzivYeQM-sFaC4oyq0pg,https://apple.news/AM9h8tlR4Q7SbWJ-D_RE0ZA,https://apple.news/AyCa6m-04RGelO-_cy4fkQg,https://apple.news/Ayyim6Wt-T0KDGf7wbuOuMw
2019-05-03 23:30:00,https://apple.news/AKh_8mKVoTziq1cENsWcVRA,https://apple.news/A25SQ_yTZRoak2AV63fnMdg,https://apple.news/A2WdzivYeQM-sFaC4oyq0pg,https://apple.news/AM9h8tlR4Q7SbWJ-D_RE0ZA,https://apple.news/AyCa6m-04RGelO-_cy4fkQg,https://apple.news/Ayyim6Wt-T0KDGf7wbuOuMw
2019-05-03 23:35:01,https://apple.news/AKh_8mKVoTziq1cENsWcVRA,https://apple.news/A25SQ_yTZRoak2AV63fnMdg,https://apple.news/A2WdzivYeQM-sFaC4oyq0pg,https://apple.news/AM9h8tlR4Q7SbWJ-D_RE0ZA,https://apple.news/AyCa6m-04RGelO-_cy4fkQg,https://apple.news/Ayyim6Wt-T0KDGf7wbuOuMw
2019-05-03 23:40:00,https://apple.news/AKh_8mKVoTziq1cENsWcVRA,https://apple.news/A25SQ_yTZRoak2AV63fnMdg,https://apple.news/A2WdzivYeQM-sFaC4oyq0pg,https://apple.news/AM9h8tlR4Q7SbWJ-D_RE0ZA,https://apple.news/AyCa6m-04RGelO-_cy4fkQg,https://apple.news/Ayyim6Wt-T0KDGf7wbuOuMw
2019-05-03 23:45:01,https://apple.news/AKh_8mKVoTziq1cENsWcVRA,https://apple.news/A25SQ_yTZRoak2AV63fnMdg,https://apple.news/A2WdzivYeQM-sFaC4oyq0pg,https://apple.news/AM9h8tlR4Q7SbWJ-D_RE0ZA,https://apple.news/AyCa6m-04RGelO-_cy4fkQg,https://apple.news/A4OE4bpoYQ4-vfhxw-1EpZA
2019-05-03 23:50:01,https://apple.news/AKh_8mKVoTziq1cENsWcVRA,https://apple.news/A25SQ_yTZRoak2AV63fnMdg,https://apple.news/A2WdzivYeQM-sFaC4oyq0pg,https://apple.news/AM9h8tlR4Q7SbWJ-D_RE0ZA,https://apple.news/AyCa6m-04RGelO-_cy4fkQg,https://apple.news/A4OE4bpoYQ4-vfhxw-1EpZA
2019-05-03 23:55:00,https://apple.news/AKh_8mKVoTziq1cENsWcVRA,https://apple.news/A25SQ_yTZRoak2AV63fnMdg,https://apple.news/A2WdzivYeQM-sFaC4oyq0pg,https://apple.news/AM9h8tlR4Q7SbWJ-D_RE0ZA,https://apple.news/AyCa6m-04RGelO-_cy4fkQg,https://apple.news/A4OE4bpoYQ4-vfhxw-1EpZA
